Article_Name,Link,Category_Under
GlobalProtect VPN: Installing and Connecting Your Carleton VPN,https://stolafcarleton.teamdynamix.com/TDClient/2092/Carleton/KB/ArticleDet?ID=137157,Accounts & Passwords
Logging into Carleton systems: Quick Start Guide,https://stolafcarleton.teamdynamix.com/TDClient/2092/Carleton/KB/ArticleDet?ID=142960,Accounts & Passwords
Windows Admin Accounts: Setting/Changing your local account on your Carleton Windows computer,https://stolafcarleton.teamdynamix.com/TDClient/2092/Carleton/KB/ArticleDet?ID=136957,Accounts & Passwords
Alumni Accounts and Passwords,https://stolafcarleton.teamdynamix.com/TDClient/2092/Carleton/KB/ArticleDet?ID=136813,Accounts & Passwords
Alumni and Guest Logins: Logging into Carleton Services Using a Non-Carleton Account,https://stolafcarleton.teamdynamix.com/TDClient/2092/Carleton/KB/ArticleDet?ID=142918,Accounts & Passwords
Alumni Handshake Accounts,https://stolafcarleton.teamdynamix.com/TDClient/2092/Carleton/KB/ArticleDet?ID=136812,Accounts & Passwords
"GlobalProtect VPN: Troubleshooting ""Stale Request"" at login",https://stolafcarleton.teamdynamix.com/TDClient/2092/Carleton/KB/ArticleDet?ID=141984,Accounts & Passwords
GlobalProtect VPN: Uninstalling the VPN,https://stolafcarleton.teamdynamix.com/TDClient/2092/Carleton/KB/ArticleDet?ID=138489,Accounts & Passwords
Logging into Carleton Systems with Single Sign On,https://stolafcarleton.teamdynamix.com/TDClient/2092/Carleton/KB/ArticleDet?ID=142976,Accounts & Passwords
Parent Accounts,https://stolafcarleton.teamdynamix.com/TDClient/2092/Carleton/KB/ArticleDet?ID=142962,Accounts & Passwords
Password Managers: Recommendations,https://stolafcarleton.teamdynamix.com/TDClient/2092/Carleton/KB/ArticleDet?ID=137726,Accounts & Passwords
Password Recovery Options Setup,https://stolafcarleton.teamdynamix.com/TDClient/2092/Carleton/KB/ArticleDet?ID=146212,Accounts & Passwords
Proxy Accounts: Set-up Instructions,https://stolafcarleton.teamdynamix.com/TDClient/2092/Carleton/KB/ArticleDet?ID=137579,Accounts & Passwords
Proxy Accounts: Sign-in Instructions,https://stolafcarleton.teamdynamix.com/TDClient/2092/Carleton/KB/ArticleDet?ID=137580,Accounts & Passwords
Proxy Accounts: Updating your Information,https://stolafcarleton.teamdynamix.com/TDClient/2092/Carleton/KB/ArticleDet?ID=147092,Accounts & Passwords
YouTube Premium and YouTube Music Premium accounts,https://stolafcarleton.teamdynamix.com/TDClient/2092/Carleton/KB/ArticleDet?ID=154164,Accounts & Passwords
Faxing With FreePBX,https://stolafcarleton.teamdynamix.com/TDClient/2092/Carleton/KB/ArticleDet?ID=140095,Communication & Collaboration
Instructions on how to use the Jabra Speak,https://stolafcarleton.teamdynamix.com/TDClient/2092/Carleton/KB/ArticleDet?ID=139058,Communication & Collaboration
Scanning on Canon Multifunction Devices (MFDs),https://stolafcarleton.teamdynamix.com/TDClient/2092/Carleton/KB/ArticleDet?ID=145032,Communication & Collaboration
Logitech Headset Introduction,https://stolafcarleton.teamdynamix.com/TDClient/2092/Carleton/KB/ArticleDet?ID=111500,Communication & Collaboration
ArcGIS: Copying Files to another ArcGIS Online Account,https://stolafcarleton.teamdynamix.com/TDClient/2092/Carleton/KB/ArticleDet?ID=143878,Digital Storage
Amazon: Purchasing Restricted Items,https://stolafcarleton.teamdynamix.com/TDClient/2092/Carleton/KB/ArticleDet?ID=143123,Hardware & Software
CDW: Carleton's Computer Purchasing Portal,https://stolafcarleton.teamdynamix.com/TDClient/2092/Carleton/KB/ArticleDet?ID=145388,Hardware & Software
Clearing Your Browser's Cache and Cookies,https://stolafcarleton.teamdynamix.com/TDClient/2092/Carleton/KB/ArticleDet?ID=137761,Hardware & Software
"HEIC, HEIF, and HEVC image and video files",https://stolafcarleton.teamdynamix.com/TDClient/2092/Carleton/KB/ArticleDet?ID=150142,Hardware & Software
Opening Private/Incognito Browsing Windows,https://stolafcarleton.teamdynamix.com/TDClient/2092/Carleton/KB/ArticleDet?ID=140607,Hardware & Software
Purchasing a Personal Computer: Advice and Resources,https://stolafcarleton.teamdynamix.com/TDClient/2092/Carleton/KB/ArticleDet?ID=137623,Hardware & Software
Troubleshooting: GlobalProtect VPN login issues,https://stolafcarleton.teamdynamix.com/TDClient/2092/Carleton/KB/ArticleDet?ID=138492,Hardware & Software
"Troubleshooting: Google Chrome's messages that ""Your organization will manage this profile""",https://stolafcarleton.teamdynamix.com/TDClient/2092/Carleton/KB/ArticleDet?ID=143948,Hardware & Software
Troubleshooting: MacOS Blocked Extensions,https://stolafcarleton.teamdynamix.com/TDClient/2092/Carleton/KB/ArticleDet?ID=136387,Hardware & Software
Troubleshooting: OnBase Scrolling Issue,https://stolafcarleton.teamdynamix.com/TDClient/2092/Carleton/KB/ArticleDet?ID=139044,Hardware & Software
Windows: Troubleshooting dropped Ethernet or Monitor connections on Surface Laptops with USB Hub adapters,https://stolafcarleton.teamdynamix.com/TDClient/2092/Carleton/KB/ArticleDet?ID=140647,Hardware & Software
GlobalProtect VPN: Installing and Connecting Your Carleton VPN,https://stolafcarleton.teamdynamix.com/TDClient/2092/Carleton/KB/ArticleDet?ID=137157&SIDs=10310,Information Security
Malwarebytes: Installation and setup,https://stolafcarleton.teamdynamix.com/TDClient/2092/Carleton/KB/ArticleDet?ID=141949&SIDs=10866,Information Security
Report Suspicious Email,https://stolafcarleton.teamdynamix.com/TDClient/2092/Carleton/KB/ArticleDet?ID=118955,Information Security
Top Security Practices for Students,https://stolafcarleton.teamdynamix.com/TDClient/2092/Carleton/KB/ArticleDet?ID=137387,Information Security
Connecting to the Internet at Carleton: Quick Start Guide,https://stolafcarleton.teamdynamix.com/TDClient/2092/Carleton/KB/ArticleDet?ID=137482,Internet & Networks
Eduroam: Connecting to Wireless Internet at Carleton,https://stolafcarleton.teamdynamix.com/TDClient/2092/Carleton/KB/ArticleDet?ID=136843,Internet & Networks
The Carleton Guest Wifi Network: Getting Connected,https://stolafcarleton.teamdynamix.com/TDClient/2092/Carleton/KB/ArticleDet?ID=136955,Internet & Networks
Eduroam for Android: Getting connected,https://stolafcarleton.teamdynamix.com/TDClient/2092/Carleton/KB/ArticleDet?ID=136908,Internet & Networks
Eduroam for Android: Troubleshooting inability to install or connect with Eduroam,https://stolafcarleton.teamdynamix.com/TDClient/2092/Carleton/KB/ArticleDet?ID=141815,Internet & Networks
Eduroam for Apple computers: Getting connected,https://stolafcarleton.teamdynamix.com/TDClient/2092/Carleton/KB/ArticleDet?ID=136913,Internet & Networks
Eduroam for Apple Watch: Getting Connected,https://stolafcarleton.teamdynamix.com/TDClient/2092/Carleton/KB/ArticleDet?ID=141201,Internet & Networks
Eduroam for iOS (iPhone or iPad): Getting connected,https://stolafcarleton.teamdynamix.com/TDClient/2092/Carleton/KB/ArticleDet?ID=136911,Internet & Networks
Eduroam for iOS: Troubleshooting inability to install or connect with Eduroam,https://stolafcarleton.teamdynamix.com/TDClient/2092/Carleton/KB/ArticleDet?ID=141811,Internet & Networks
Eduroam for Linux: Getting connected,https://stolafcarleton.teamdynamix.com/TDClient/2092/Carleton/KB/ArticleDet?ID=137682,Internet & Networks
Eduroam for macOS: Troubleshooting inability to install or connect with Eduroam,https://stolafcarleton.teamdynamix.com/TDClient/2092/Carleton/KB/ArticleDet?ID=141812,Internet & Networks
Eduroam for Windows: Getting connected,https://stolafcarleton.teamdynamix.com/TDClient/2092/Carleton/KB/ArticleDet?ID=136914,Internet & Networks
Eduroam for Windows: Troubleshooting inability to install or connect with Eduroam,https://stolafcarleton.teamdynamix.com/TDClient/2092/Carleton/KB/ArticleDet?ID=141813,Internet & Networks
Eduroam Manual Setup,https://stolafcarleton.teamdynamix.com/TDClient/2092/Carleton/KB/ArticleDet?ID=138543,Internet & Networks
Finding your Deviceâ€™s MAC Address,https://stolafcarleton.teamdynamix.com/TDClient/2092/Carleton/KB/ArticleDet?ID=136857,Internet & Networks
Finding your IP address,https://stolafcarleton.teamdynamix.com/TDClient/2092/Carleton/KB/ArticleDet?ID=150396,Internet & Networks
Forget or Remove a Network,https://stolafcarleton.teamdynamix.com/TDClient/2092/Carleton/KB/ArticleDet?ID=140897,Internet & Networks
Hotspots: Finding a Jetpack's Hotspot's SSID and Password (Non-touchscreen version),https://stolafcarleton.teamdynamix.com/TDClient/2092/Carleton/KB/ArticleDet?ID=152516,Internet & Networks
Hotspots: Finding a Mi-Fi Hotspot's SSID and Password (Touchscreen version),https://stolafcarleton.teamdynamix.com/TDClient/2092/Carleton/KB/ArticleDet?ID=152489,Internet & Networks
macOS: Collecting network diagnostic information,https://stolafcarleton.teamdynamix.com/TDClient/2092/Carleton/KB/ArticleDet?ID=141932,Internet & Networks
ReMarkable Tablets and Carleton's WiFi,https://stolafcarleton.teamdynamix.com/TDClient/2092/Carleton/KB/ArticleDet?ID=151185,Internet & Networks
Reporting network problems,https://stolafcarleton.teamdynamix.com/TDClient/2092/Carleton/KB/ArticleDet?ID=141934,Internet & Networks
Troubleshooting inability to install or connect with Eduroam,https://stolafcarleton.teamdynamix.com/TDClient/2092/Carleton/KB/ArticleDet?ID=141816,Internet & Networks
Troubleshooting newer Android devices can't add Eduroam (Fall 2023),https://stolafcarleton.teamdynamix.com/TDClient/2092/Carleton/KB/ArticleDet?ID=154066,Internet & Networks
WiFi in Campus Housing,https://stolafcarleton.teamdynamix.com/TDClient/2092/Carleton/KB/ArticleDet?ID=137651,Internet & Networks
WiFi: Connecting Smart Devices,https://stolafcarleton.teamdynamix.com/TDClient/2092/Carleton/KB/ArticleDet?ID=136854,Internet & Networks
Windows: Collecting network diagnostic information,https://stolafcarleton.teamdynamix.com/TDClient/2092/Carleton/KB/ArticleDet?ID=141933,Internet & Networks
Wired (Ethernet) Internet: Port Activation,https://stolafcarleton.teamdynamix.com/TDClient/2092/Carleton/KB/ArticleDet?ID=137481,Internet & Networks
Wired (Ethernet): Registering your Device (especially for campus housing),https://stolafcarleton.teamdynamix.com/TDClient/2092/Carleton/KB/ArticleDet?ID=136852,Internet & Networks
Eduroam for ChromeOS: Getting connected,https://stolafcarleton.teamdynamix.com/TDClient/2092/Carleton/KB/ArticleDet?ID=136849,Internet & Networks
WiFi: Connecting Wifi Devices That Have No Browsers,https://stolafcarleton.teamdynamix.com/TDClient/2092/Carleton/KB/ArticleDet?ID=136853,Internet & Networks
Eduroam for visitors from other eduroam schools,https://stolafcarleton.teamdynamix.com/TDClient/2092/Carleton/KB/ArticleDet?ID=141435,Internet & Networks
Printing: Quick Start Guide,https://stolafcarleton.teamdynamix.com/TDClient/2092/Carleton/KB/ArticleDet?ID=137286,Printing
Mac: Adding a Printer,https://stolafcarleton.teamdynamix.com/TDClient/2092/Carleton/KB/ArticleDet?ID=136578,Printing
Mac: Adding Printer Drivers,https://stolafcarleton.teamdynamix.com/TDClient/2092/Carleton/KB/ArticleDet?ID=136574,Printing
Mac: Removing a Printer,https://stolafcarleton.teamdynamix.com/TDClient/2092/Carleton/KB/ArticleDet?ID=142370,Printing
Mac: Troubleshooting printing issues after upgrading to macOS 12 Monterey,https://stolafcarleton.teamdynamix.com/TDClient/2092/Carleton/KB/ArticleDet?ID=142371,Printing
"Ordering supplies (paper, toner, staples, etc) for a printer",https://stolafcarleton.teamdynamix.com/TDClient/2092/Carleton/KB/ArticleDet?ID=146136,Printing
Printing: Copying,https://stolafcarleton.teamdynamix.com/TDClient/2092/Carleton/KB/ArticleDet?ID=140617,Printing
Printing: Instructions for Faculty/Staff Computers,https://stolafcarleton.teamdynamix.com/TDClient/2092/Carleton/KB/ArticleDet?ID=137293,Printing
Printing: Instructions for Guests,https://stolafcarleton.teamdynamix.com/TDClient/2092/Carleton/KB/ArticleDet?ID=140564,Printing
Printing: Instructions for Lab or Shared-Use Computers,https://stolafcarleton.teamdynamix.com/TDClient/2092/Carleton/KB/ArticleDet?ID=137291,Printing
Printing: PaperCut Client Installation & Set-up,https://stolafcarleton.teamdynamix.com/TDClient/2092/Carleton/KB/ArticleDet?ID=137290,Printing
Printing: Troubleshooting Printing Issues,https://stolafcarleton.teamdynamix.com/TDClient/2092/Carleton/KB/ArticleDet?ID=144953,Printing
Student Printing: Managing your Print Quota,https://stolafcarleton.teamdynamix.com/TDClient/2092/Carleton/KB/ArticleDet?ID=137288,Printing
Webprint: Printing from a Personal Computer,https://stolafcarleton.teamdynamix.com/TDClient/2092/Carleton/KB/ArticleDet?ID=137292,Printing
Windows: Adding a Printer,https://stolafcarleton.teamdynamix.com/TDClient/2092/Carleton/KB/ArticleDet?ID=139261,Printing
Windows: Adding a Printer for All Users,https://stolafcarleton.teamdynamix.com/TDClient/2092/Carleton/KB/ArticleDet?ID=142427,Printing
Windows: Adding Printer Drivers,https://stolafcarleton.teamdynamix.com/TDClient/2092/Carleton/KB/ArticleDet?ID=144949,Printing
Explain Everything: Installation & Setup,https://stolafcarleton.teamdynamix.com/TDClient/2092/Carleton/KB/ArticleDet?ID=153106&SIDs=12103,"Technology for Teaching, Learning and Research"
Google Groups: Email Lists at Carleton,https://stolafcarleton.teamdynamix.com/TDClient/2092/Carleton/KB/ArticleDet?ID=142945&SIDs=10982,"Technology for Teaching, Learning and Research"
Mounting the COURSES or PROTECTED Network Drive,https://stolafcarleton.teamdynamix.com/TDClient/2092/Carleton/KB/ArticleDet?ID=148546,"Technology for Teaching, Learning and Research"
Shared Course Folders,https://stolafcarleton.teamdynamix.com/TDClient/2092/Carleton/KB/ArticleDet?ID=142947,"Technology for Teaching, Learning and Research"
Campus Television Channels,https://stolafcarleton.teamdynamix.com/TDClient/2092/Carleton/KB/ArticleDet?ID=142221,You and Carleton Technology
Guide to non-ITS Digital Resources,https://stolafcarleton.teamdynamix.com/TDClient/2092/Carleton/KB/ArticleDet?ID=137479,You and Carleton Technology
ITS Helpdesk Drop-Off Center,https://stolafcarleton.teamdynamix.com/TDClient/2092/Carleton/KB/ArticleDet?ID=137638,You and Carleton Technology
TVs in Faculty & Staff Campus Housing,https://stolafcarleton.teamdynamix.com/TDClient/2092/Carleton/KB/ArticleDet?ID=146185,You and Carleton Technology
Duo: Quick Start Guide,https://stolafcarleton.teamdynamix.com/TDClient/2092/Carleton/KB/ArticleDet?ID=137061,Duo Two-Factor Authentication
Duo & GlobalProtect: Troubleshooting Blank Login Screens and Cookie access,https://stolafcarleton.teamdynamix.com/TDClient/2092/Carleton/KB/ArticleDet?ID=138502,Duo Two-Factor Authentication
Duo Passcodes: Using Passcodes Without Wifi or Cell Data,https://stolafcarleton.teamdynamix.com/TDClient/2092/Carleton/KB/ArticleDet?ID=137070,Duo Two-Factor Authentication
Duo Setup: Duo Token (Key Fob),https://stolafcarleton.teamdynamix.com/TDClient/2092/Carleton/KB/ArticleDet?ID=137064,Duo Two-Factor Authentication
Duo Setup: Landline,https://stolafcarleton.teamdynamix.com/TDClient/2092/Carleton/KB/ArticleDet?ID=137065,Duo Two-Factor Authentication
Duo Setup: Smartphone,https://stolafcarleton.teamdynamix.com/TDClient/2092/Carleton/KB/ArticleDet?ID=137062,Duo Two-Factor Authentication
Duo Setup: Tablet,https://stolafcarleton.teamdynamix.com/TDClient/2092/Carleton/KB/ArticleDet?ID=137063,Duo Two-Factor Authentication
Duo: Adding a new Device (e.g. got a new phone),https://stolafcarleton.teamdynamix.com/TDClient/2092/Carleton/KB/ArticleDet?ID=137898,Duo Two-Factor Authentication
Duo: Creating Backup Codes,https://stolafcarleton.teamdynamix.com/TDClient/2092/Carleton/KB/ArticleDet?ID=137067,Duo Two-Factor Authentication
Duo: Preparing to be Off Campus,https://stolafcarleton.teamdynamix.com/TDClient/2092/Carleton/KB/ArticleDet?ID=137066,Duo Two-Factor Authentication
"Duo: Remove ""Remember me"" cookie for Duo Two-Factor Authentication",https://stolafcarleton.teamdynamix.com/TDClient/2092/Carleton/KB/ArticleDet?ID=147747,Duo Two-Factor Authentication
Duo: Streamlining Authentication,https://stolafcarleton.teamdynamix.com/TDClient/2092/Carleton/KB/ArticleDet?ID=137068,Duo Two-Factor Authentication
Duo: Troubleshooting Duo not remembering you for 60 days,https://stolafcarleton.teamdynamix.com/TDClient/2092/Carleton/KB/ArticleDet?ID=140204,Duo Two-Factor Authentication
Changing your Carleton Password: Quick Start Guide,https://stolafcarleton.teamdynamix.com/TDClient/2092/Carleton/KB/ArticleDet?ID=140066,Changing Your Carleton Password
Changing your Carleton Password: Alumni,https://stolafcarleton.teamdynamix.com/TDClient/2092/Carleton/KB/ArticleDet?ID=146214,Changing Your Carleton Password
Changing your Carleton Password: Emeriti Faculty with Carleton-Issued Computers,https://stolafcarleton.teamdynamix.com/TDClient/2092/Carleton/KB/ArticleDet?ID=140731,Changing Your Carleton Password
Changing your Carleton Password: Faculty & Staff Off Campus,https://stolafcarleton.teamdynamix.com/TDClient/2092/Carleton/KB/ArticleDet?ID=140730,Changing Your Carleton Password
Changing your Carleton Password: Faculty & Staff On Campus,https://stolafcarleton.teamdynamix.com/TDClient/2092/Carleton/KB/ArticleDet?ID=140729,Changing Your Carleton Password
Changing your Carleton Password: New Students,https://stolafcarleton.teamdynamix.com/TDClient/2092/Carleton/KB/ArticleDet?ID=144165,Changing Your Carleton Password
"Changing your Carleton Password: Retirees with No Carleton-Issued Computers, Vendors & Guests with Carleton accounts",https://stolafcarleton.teamdynamix.com/TDClient/2092/Carleton/KB/ArticleDet?ID=140732,Changing Your Carleton Password
Changing your Carleton Password: Students Off Campus,https://stolafcarleton.teamdynamix.com/TDClient/2092/Carleton/KB/ArticleDet?ID=140725,Changing Your Carleton Password
Changing your Carleton Password: Students On Campus,https://stolafcarleton.teamdynamix.com/TDClient/2092/Carleton/KB/ArticleDet?ID=140724,Changing Your Carleton Password
macOS: Resyncing Your Computer to Your Carleton Password after a password change,https://stolafcarleton.teamdynamix.com/TDClient/2092/Carleton/KB/ArticleDet?ID=140734,Changing Your Carleton Password
Windows: Resyncing Your Computer's Password from Off Campus after a Password Change,https://stolafcarleton.teamdynamix.com/TDClient/2092/Carleton/KB/ArticleDet?ID=140735,Changing Your Carleton Password
After Changing Your Carleton Password,https://stolafcarleton.teamdynamix.com/TDClient/2092/Carleton/KB/ArticleDet?ID=140817,Changing Your Carleton Password
Archiving or Transferring Email,https://stolafcarleton.teamdynamix.com/TDClient/2092/Carleton/KB/ArticleDet?ID=143859,Email & Calendaring
Email: Archiving your email using Apple Mail,https://stolafcarleton.teamdynamix.com/TDClient/2092/Carleton/KB/ArticleDet?ID=143869,Email & Calendaring
Email: Archiving your email using MailStore,https://stolafcarleton.teamdynamix.com/TDClient/2092/Carleton/KB/ArticleDet?ID=143879,Email & Calendaring
Email: Granting Delegate Access to Your Email Account,https://stolafcarleton.teamdynamix.com/TDClient/2092/Carleton/KB/ArticleDet?ID=152259,Email & Calendaring
Email: Mail Merge,https://stolafcarleton.teamdynamix.com/TDClient/2092/Carleton/KB/ArticleDet?ID=150190,Email & Calendaring
Email: Setting an auto-reply in Gmail,https://stolafcarleton.teamdynamix.com/TDClient/2092/Carleton/KB/ArticleDet?ID=143853,Email & Calendaring
Email: Setting your Browser to be your Default Email Program,https://stolafcarleton.teamdynamix.com/TDClient/2092/Carleton/KB/ArticleDet?ID=155059,Email & Calendaring
Email: Sort and Evaluate Email by File Size,https://stolafcarleton.teamdynamix.com/TDClient/2092/Carleton/KB/ArticleDet?ID=148201,Email & Calendaring
"Email: Sort Email by Sender, Subject, and More",https://stolafcarleton.teamdynamix.com/TDClient/2092/Carleton/KB/ArticleDet?ID=148202,Email & Calendaring
Email: Transferring Carleton email to a personal Gmail account,https://stolafcarleton.teamdynamix.com/TDClient/2092/Carleton/KB/ArticleDet?ID=143858,Email & Calendaring
Email: Transferring very large email accounts,https://stolafcarleton.teamdynamix.com/TDClient/2092/Carleton/KB/ArticleDet?ID=144518,Email & Calendaring
Google Calendar: Import .ics files (especially from Workday Learning),https://stolafcarleton.teamdynamix.com/TDClient/2092/Carleton/KB/ArticleDet?ID=148899,Email & Calendaring
Google Groups: Adding a group to another group (nested groups),https://stolafcarleton.teamdynamix.com/TDClient/2092/Carleton/KB/ArticleDet?ID=154295,Email & Calendaring
Google Groups: Email Lists at Carleton,https://stolafcarleton.teamdynamix.com/TDClient/2092/Carleton/KB/ArticleDet?ID=142945,Email & Calendaring
Recent Changes to Google Workspaces (formerly Google Apps for Education),https://stolafcarleton.teamdynamix.com/TDClient/2092/Carleton/KB/ArticleDet?ID=137289&SIDs=10305,Email & Calendaring
Google Drive: Quick Start Guide,https://stolafcarleton.teamdynamix.com/TDClient/2092/Carleton/KB/ArticleDet?ID=146292&SIDs=11637,Google Drive
Google Drive: Carleton FileKeeper (carlfilekeeper@carleton.edu),https://stolafcarleton.teamdynamix.com/TDClient/2092/Carleton/KB/ArticleDet?ID=146558&SIDs=11637,Google Drive
Google Drive: Find and Delete Duplicate Files and Folders,https://stolafcarleton.teamdynamix.com/TDClient/2092/Carleton/KB/ArticleDet?ID=148200&SIDs=11637,Google Drive
Google Drive: Installing Google Drive for Desktop,https://stolafcarleton.teamdynamix.com/TDClient/2092/Carleton/KB/ArticleDet?ID=144940&SIDs=11637,Google Drive
Google Drive: Managing File Ownership,https://stolafcarleton.teamdynamix.com/TDClient/2092/Carleton/KB/ArticleDet?ID=146559&SIDs=11637,Google Drive
Google Drive: Sort and Evaluate Your Files by File Size,https://stolafcarleton.teamdynamix.com/TDClient/2092/Carleton/KB/ArticleDet?ID=148199&SIDs=11637,Google Drive
Google Drive: Three Main Sections of Google Drive,https://stolafcarleton.teamdynamix.com/TDClient/2092/Carleton/KB/ArticleDet?ID=146459&SIDs=11637,Google Drive
Google Drive: Transfer Ownership of Specific Files and Folders,https://stolafcarleton.teamdynamix.com/TDClient/2092/Carleton/KB/ArticleDet?ID=143872&SIDs=11637,Google Drive
Google Drive: Transferring or Archiving Google Drive Files and Folders,https://stolafcarleton.teamdynamix.com/TDClient/2092/Carleton/KB/ArticleDet?ID=143874&SIDs=11637,Google Drive
Google: How Much Storage Space am I Using?,https://stolafcarleton.teamdynamix.com/TDClient/2092/Carleton/KB/ArticleDet?ID=147939&SIDs=11637,Google Drive
Recent Changes to Google Workspaces (formerly Google Apps for Education),https://stolafcarleton.teamdynamix.com/TDClient/2092/Carleton/KB/ArticleDet?ID=137289&SIDs=11637,Google Drive
Grandstream Physical Phone: Quick Start Guide,https://stolafcarleton.teamdynamix.com/TDClient/2092/Carleton/KB/ArticleDet?ID=111713,Phones
Zulu Softphone: How to Use the Software (including signing in/out and basic functions),https://stolafcarleton.teamdynamix.com/TDClient/2092/Carleton/KB/ArticleDet?ID=111487,Phones
Zulu Softphone: Quick Start Guide,https://stolafcarleton.teamdynamix.com/TDClient/2092/Carleton/KB/ArticleDet?ID=111712,Phones
Accessing Voicemail,https://stolafcarleton.teamdynamix.com/TDClient/2092/Carleton/KB/ArticleDet?ID=111461,Phones
Call Forwarding,https://stolafcarleton.teamdynamix.com/TDClient/2092/Carleton/KB/ArticleDet?ID=111714,Phones
Dialing Guide for Internal (on-campus) and External (off-campus) Phone Numbers,https://stolafcarleton.teamdynamix.com/TDClient/2092/Carleton/KB/ArticleDet?ID=111686,Phones
Forward to Voicemail using Do Not Disturb,https://stolafcarleton.teamdynamix.com/TDClient/2092/Carleton/KB/ArticleDet?ID=111464,Phones
"Grandstream Physical Phone: Introduction to the phone, its features and shortcuts",https://stolafcarleton.teamdynamix.com/TDClient/2092/Carleton/KB/ArticleDet?ID=111444,Phones
Grandstream Physical Phone: Update Voicemail Greetings and Temporary Greeting,https://stolafcarleton.teamdynamix.com/TDClient/2092/Carleton/KB/ArticleDet?ID=111656,Phones
Logitech Headset Introduction,https://stolafcarleton.teamdynamix.com/TDClient/2092/Carleton/KB/ArticleDet?ID=111500&SIDs=10313,Phones
Manage your Phone Extension with the VoIP Dashboard,https://stolafcarleton.teamdynamix.com/TDClient/2092/Carleton/KB/ArticleDet?ID=111462,Phones
Telephone Headsets,https://stolafcarleton.teamdynamix.com/TDClient/2092/Carleton/KB/ArticleDet?ID=137360,Phones
Telephones in Faculty & Staff Campus Housing,https://stolafcarleton.teamdynamix.com/TDClient/2092/Carleton/KB/ArticleDet?ID=146175,Phones
Your Voicemail Password,https://stolafcarleton.teamdynamix.com/TDClient/2092/Carleton/KB/ArticleDet?ID=143544,Phones
Zulu Softphone: Installing Zulu on your computer,https://stolafcarleton.teamdynamix.com/TDClient/2092/Carleton/KB/ArticleDet?ID=140090,Phones
Zulu Softphone: Introduction to the buttons and screens,https://stolafcarleton.teamdynamix.com/TDClient/2092/Carleton/KB/ArticleDet?ID=140109,Phones
Zulu Softphone: Searching through Contacts,https://stolafcarleton.teamdynamix.com/TDClient/2092/Carleton/KB/ArticleDet?ID=137447,Phones
Zulu Softphone: Update Voicemail Greetings and Temporary Greeting,https://stolafcarleton.teamdynamix.com/TDClient/2092/Carleton/KB/ArticleDet?ID=111657,Phones
Zulu Softphone: Voicemail Setup,https://stolafcarleton.teamdynamix.com/TDClient/2092/Carleton/KB/ArticleDet?ID=111498,Phones
Instructions on how to use the Jabra Speak,https://stolafcarleton.teamdynamix.com/TDClient/2092/Carleton/KB/ArticleDet?ID=139058&SIDs=10469,Speakerphones
Crestron Wireless Presentation: Quick Start Guide,https://stolafcarleton.teamdynamix.com/TDClient/2092/Carleton/KB/ArticleDet?ID=142264&SIDs=10929,Wireless Presentation Technology
Crestron Wireless Presentation for Android: Using the AirMedia App,https://stolafcarleton.teamdynamix.com/TDClient/2092/Carleton/KB/ArticleDet?ID=142274&SIDs=10929,Wireless Presentation Technology
Crestron Wireless Presentation for iOS: Using the AirMedia App,https://stolafcarleton.teamdynamix.com/TDClient/2092/Carleton/KB/ArticleDet?ID=142270&SIDs=10929,Wireless Presentation Technology
Crestron Wireless Presentation for macOS: Using the AirMedia App,https://stolafcarleton.teamdynamix.com/TDClient/2092/Carleton/KB/ArticleDet?ID=142267&SIDs=10929,Wireless Presentation Technology
Crestron Wireless Presentation for Windows: Using the AirMedia App,https://stolafcarleton.teamdynamix.com/TDClient/2092/Carleton/KB/ArticleDet?ID=142268&SIDs=10929,Wireless Presentation Technology
Crestron Wireless Presentation: Installing the AirMedia App,https://stolafcarleton.teamdynamix.com/TDClient/2092/Carleton/KB/ArticleDet?ID=142265&SIDs=10929,Wireless Presentation Technology
Crestron Wireless Presentation: Troubleshooting,https://stolafcarleton.teamdynamix.com/TDClient/2092/Carleton/KB/ArticleDet?ID=150189&SIDs=10929,Wireless Presentation Technology
Zoom: Common Features and Functions,https://stolafcarleton.teamdynamix.com/TDClient/2092/Carleton/KB/ArticleDet?ID=137502,Zoom Conferencing
Zoom: Installation & Set-up,https://stolafcarleton.teamdynamix.com/TDClient/2092/Carleton/KB/ArticleDet?ID=137095,Zoom Conferencing
Best Practices for Inclusive Meetings in Zoom or Google Meet,https://stolafcarleton.teamdynamix.com/TDClient/2092/Carleton/KB/ArticleDet?ID=137443&SIDs=10328,Zoom Conferencing
Windows Defender Firewall blocking certain features of Zoom,https://stolafcarleton.teamdynamix.com/TDClient/2092/Carleton/KB/ArticleDet?ID=142988,Zoom Conferencing
Zoom Licenses at Carleton,https://stolafcarleton.teamdynamix.com/TDClient/2092/Carleton/KB/ArticleDet?ID=137329,Zoom Conferencing
Zoom: Checking for Updates,https://stolafcarleton.teamdynamix.com/TDClient/2092/Carleton/KB/ArticleDet?ID=137093,Zoom Conferencing
Zoom: Closed Captioning,https://stolafcarleton.teamdynamix.com/TDClient/2092/Carleton/KB/ArticleDet?ID=137373,Zoom Conferencing
Zoom: Collecting logs to assist Zoom engineers in diagnostics for repeated failures,https://stolafcarleton.teamdynamix.com/TDClient/2092/Carleton/KB/ArticleDet?ID=140269,Zoom Conferencing
Zoom: General Guidelines for Classrooms,https://stolafcarleton.teamdynamix.com/TDClient/2092/Carleton/KB/ArticleDet?ID=137158,Zoom Conferencing
Zoom: How to Sign In with your Carleton Account,https://stolafcarleton.teamdynamix.com/TDClient/2092/Carleton/KB/ArticleDet?ID=134249,Zoom Conferencing
Zoom: Large Group Meeting License,https://stolafcarleton.teamdynamix.com/TDClient/2092/Carleton/KB/ArticleDet?ID=137094,Zoom Conferencing
Zoom: Meeting Recordings,https://stolafcarleton.teamdynamix.com/TDClient/2092/Carleton/KB/ArticleDet?ID=141613,Zoom Conferencing
Zoom: Recording to the Cloud,https://stolafcarleton.teamdynamix.com/TDClient/2092/Carleton/KB/ArticleDet?ID=143799,Zoom Conferencing
Zoom: Tips and Tricks for Zoom Meetings,https://stolafcarleton.teamdynamix.com/TDClient/2092/Carleton/KB/ArticleDet?ID=137331,Zoom Conferencing
"Zoom: Workaround for ""Unable to Connect to Network""- Joining from Your Browser",https://stolafcarleton.teamdynamix.com/TDClient/2092/Carleton/KB/ArticleDet?ID=138488,Zoom Conferencing
Google Drive: Quick Start Guide,https://stolafcarleton.teamdynamix.com/TDClient/2092/Carleton/KB/ArticleDet?ID=146292,Google Drive
Google Drive: Carleton FileKeeper (carlfilekeeper@carleton.edu),https://stolafcarleton.teamdynamix.com/TDClient/2092/Carleton/KB/ArticleDet?ID=146558,Google Drive
Google Drive: Find and Delete Duplicate Files and Folders,https://stolafcarleton.teamdynamix.com/TDClient/2092/Carleton/KB/ArticleDet?ID=148200,Google Drive
Google Drive: Installing Google Drive for Desktop,https://stolafcarleton.teamdynamix.com/TDClient/2092/Carleton/KB/ArticleDet?ID=144940,Google Drive
Google Drive: Managing File Ownership,https://stolafcarleton.teamdynamix.com/TDClient/2092/Carleton/KB/ArticleDet?ID=146559,Google Drive
Google Drive: Sort and Evaluate Your Files by File Size,https://stolafcarleton.teamdynamix.com/TDClient/2092/Carleton/KB/ArticleDet?ID=148199,Google Drive
Google Drive: Three Main Sections of Google Drive,https://stolafcarleton.teamdynamix.com/TDClient/2092/Carleton/KB/ArticleDet?ID=146459,Google Drive
Google Drive: Transfer Ownership of Specific Files and Folders,https://stolafcarleton.teamdynamix.com/TDClient/2092/Carleton/KB/ArticleDet?ID=143872,Google Drive
Google Drive: Transferring or Archiving Google Drive Files and Folders,https://stolafcarleton.teamdynamix.com/TDClient/2092/Carleton/KB/ArticleDet?ID=143874,Google Drive
Google: How Much Storage Space am I Using?,https://stolafcarleton.teamdynamix.com/TDClient/2092/Carleton/KB/ArticleDet?ID=147939,Google Drive
Recent Changes to Google Workspaces (formerly Google Apps for Education),https://stolafcarleton.teamdynamix.com/TDClient/2092/Carleton/KB/ArticleDet?ID=137289,Google Drive
Dropbox: Reassigning Ownership of Files and Folders,https://stolafcarleton.teamdynamix.com/TDClient/2092/Carleton/KB/ArticleDet?ID=143876,Dropbox
Dropbox: Transferring or Archiving Dropbox Files and Folders,https://stolafcarleton.teamdynamix.com/TDClient/2092/Carleton/KB/ArticleDet?ID=143877,Dropbox
Imagen Overview & Getting Started,https://stolafcarleton.teamdynamix.com/TDClient/2092/Carleton/KB/ArticleDet?ID=148606,Imagen
Panopto Overview & Getting Started,https://stolafcarleton.teamdynamix.com/TDClient/2092/Carleton/KB/ArticleDet?ID=148597,Panopto
Ally: Enabling in Moodle and the Ally Quick Start Guide,https://stolafcarleton.teamdynamix.com/TDClient/2092/Carleton/KB/ArticleDet?ID=153042,Campus Software
Mac: Install Software using Jamf Self-Service,https://stolafcarleton.teamdynamix.com/TDClient/2092/Carleton/KB/ArticleDet?ID=134260,Campus Software
Software Installation Troubleshooting: Quick Start Guide,https://stolafcarleton.teamdynamix.com/TDClient/2092/Carleton/KB/ArticleDet?ID=136165,Campus Software
Windows: Install Software using K1000 User Self Service,https://stolafcarleton.teamdynamix.com/TDClient/2092/Carleton/KB/ArticleDet?ID=134261,Campus Software
4Peaks: Installation and Set-up,https://stolafcarleton.teamdynamix.com/TDClient/2092/Carleton/KB/ArticleDet?ID=134365,Campus Software
Anaconda: Installation & Set-up,https://stolafcarleton.teamdynamix.com/TDClient/2092/Carleton/KB/ArticleDet?ID=140671,Campus Software
Antidote: Installation & Set-up,https://stolafcarleton.teamdynamix.com/TDClient/2092/Carleton/KB/ArticleDet?ID=140675,Campus Software
AQTESOLV: Installation & Set-up,https://stolafcarleton.teamdynamix.com/TDClient/2092/Carleton/KB/ArticleDet?ID=140676,Campus Software
ArcGIS: Installation & Set-up,https://stolafcarleton.teamdynamix.com/TDClient/2092/Carleton/KB/ArticleDet?ID=138753,Campus Software
ArcGIS: Leaving Carleton,https://stolafcarleton.teamdynamix.com/TDClient/2092/Carleton/KB/ArticleDet?ID=138754,Campus Software
ArgusLab: Installation & Set-up,https://stolafcarleton.teamdynamix.com/TDClient/2092/Carleton/KB/ArticleDet?ID=140703,Campus Software
Aria Maestosa: Installation and Set-up,https://stolafcarleton.teamdynamix.com/TDClient/2092/Carleton/KB/ArticleDet?ID=134393,Campus Software
AVCHD to Mov: Installation & Set-up,https://stolafcarleton.teamdynamix.com/TDClient/2092/Carleton/KB/ArticleDet?ID=136211,Campus Software
BBEdit: Installation & Set-up,https://stolafcarleton.teamdynamix.com/TDClient/2092/Carleton/KB/ArticleDet?ID=138107,Campus Software
bitKlavier: Installation & Set-up,https://stolafcarleton.teamdynamix.com/TDClient/2092/Carleton/KB/ArticleDet?ID=138105,Campus Software
Blender: Installation & Set-up,https://stolafcarleton.teamdynamix.com/TDClient/2092/Carleton/KB/ArticleDet?ID=136466,Campus Software
ChemDraw: Installation & Set-up,https://stolafcarleton.teamdynamix.com/TDClient/2092/Carleton/KB/ArticleDet?ID=136177,Campus Software
ChucK: Installation and Set-up,https://stolafcarleton.teamdynamix.com/TDClient/2092/Carleton/KB/ArticleDet?ID=136543,Campus Software
CityEngine: Installation & Set-up,https://stolafcarleton.teamdynamix.com/TDClient/2092/Carleton/KB/ArticleDet?ID=140706,Campus Software
CrashPlan (formerly Code42): Install and Set Up your Cloud Backup Service,https://stolafcarleton.teamdynamix.com/TDClient/2092/Carleton/KB/ArticleDet?ID=134263,Campus Software
CSDS: Installation & Set-up,https://stolafcarleton.teamdynamix.com/TDClient/2092/Carleton/KB/ArticleDet?ID=140707,Campus Software
Csound: Installation & Set-up,https://stolafcarleton.teamdynamix.com/TDClient/2092/Carleton/KB/ArticleDet?ID=136652,Campus Software
DanceForms: Installation & Set-up,https://stolafcarleton.teamdynamix.com/TDClient/2092/Carleton/KB/ArticleDet?ID=136218,Campus Software
Davinci Resolve: Installation & Set-up,https://stolafcarleton.teamdynamix.com/TDClient/2092/Carleton/KB/ArticleDet?ID=140708,Campus Software
Digital Heaven ReincarnationX: Installation & Set-up,https://stolafcarleton.teamdynamix.com/TDClient/2092/Carleton/KB/ArticleDet?ID=140766,Campus Software
Dragon Naturally Speaking: macOS Installation,https://stolafcarleton.teamdynamix.com/TDClient/2092/Carleton/KB/ArticleDet?ID=143422,Campus Software
Dropbox: Installation and Setup,https://stolafcarleton.teamdynamix.com/TDClient/2092/Carleton/KB/ArticleDet?ID=137537,Campus Software
Eliza: Installation & Set-up,https://stolafcarleton.teamdynamix.com/TDClient/2092/Carleton/KB/ArticleDet?ID=138106,Campus Software
Ellucian Advance: Accessing your account,https://stolafcarleton.teamdynamix.com/TDClient/2092/Carleton/KB/ArticleDet?ID=137939,Campus Software
EMS: Installation and Access,https://stolafcarleton.teamdynamix.com/TDClient/2092/Carleton/KB/ArticleDet?ID=142424,Campus Software
Endnote: Installation & Set-up,https://stolafcarleton.teamdynamix.com/TDClient/2092/Carleton/KB/ArticleDet?ID=140767,Campus Software
Evernote: Installation and Setup,https://stolafcarleton.teamdynamix.com/TDClient/2092/Carleton/KB/ArticleDet?ID=153830,Campus Software
Explain Everything: Installation & Setup,https://stolafcarleton.teamdynamix.com/TDClient/2092/Carleton/KB/ArticleDet?ID=153106,Campus Software
Express Scribe: Installation & Set-up,https://stolafcarleton.teamdynamix.com/TDClient/2092/Carleton/KB/ArticleDet?ID=136542,Campus Software
Final Cut Pro: Installation and Set-up,https://stolafcarleton.teamdynamix.com/TDClient/2092/Carleton/KB/ArticleDet?ID=134385,Campus Software
Final Draft: Installation & Set-up,https://stolafcarleton.teamdynamix.com/TDClient/2092/Carleton/KB/ArticleDet?ID=141040,Campus Software
Firefox: Automatic Updates,https://stolafcarleton.teamdynamix.com/TDClient/2092/Carleton/KB/ArticleDet?ID=136572,Campus Software
Foldit: Installation & Set-up,https://stolafcarleton.teamdynamix.com/TDClient/2092/Carleton/KB/ArticleDet?ID=136221,Campus Software
Fusion 360: Installation & Set-up,https://stolafcarleton.teamdynamix.com/TDClient/2092/Carleton/KB/ArticleDet?ID=141043,Campus Software
GeoDa: Installation & Set-up,https://stolafcarleton.teamdynamix.com/TDClient/2092/Carleton/KB/ArticleDet?ID=141075,Campus Software
GeoMapApp: Installation & Set-up,https://stolafcarleton.teamdynamix.com/TDClient/2092/Carleton/KB/ArticleDet?ID=136270,Campus Software
Gephi: Installation & Set-up,https://stolafcarleton.teamdynamix.com/TDClient/2092/Carleton/KB/ArticleDet?ID=136536,Campus Software
Ghostscript: Installation & Set-up,https://stolafcarleton.teamdynamix.com/TDClient/2092/Carleton/KB/ArticleDet?ID=141228,Campus Software
GIMP: Installation & Set-up,https://stolafcarleton.teamdynamix.com/TDClient/2092/Carleton/KB/ArticleDet?ID=141229,Campus Software
Google Earth: Installation & Set-up,https://stolafcarleton.teamdynamix.com/TDClient/2092/Carleton/KB/ArticleDet?ID=141230,Campus Software
Google Workspace at Carleton: Quick Start Guide,https://stolafcarleton.teamdynamix.com/TDClient/2092/Carleton/KB/ArticleDet?ID=146290,Campus Software
Gotham Fonts,https://stolafcarleton.teamdynamix.com/TDClient/2092/Carleton/KB/ArticleDet?ID=141648,Campus Software
GraphicConverter: Installation & Set-up,https://stolafcarleton.teamdynamix.com/TDClient/2092/Carleton/KB/ArticleDet?ID=141231,Campus Software
GraphPad Prism: Installation & Set-up,https://stolafcarleton.teamdynamix.com/TDClient/2092/Carleton/KB/ArticleDet?ID=141232,Campus Software
Handbrake: Installation and Set-up,https://stolafcarleton.teamdynamix.com/TDClient/2092/Carleton/KB/ArticleDet?ID=136199,Campus Software
iBooks Author: Installation & Set-up,https://stolafcarleton.teamdynamix.com/TDClient/2092/Carleton/KB/ArticleDet?ID=136537,Campus Software
IgPET: Installation & Set-up,https://stolafcarleton.teamdynamix.com/TDClient/2092/Carleton/KB/ArticleDet?ID=141368,Campus Software
IGV: Installation & Set-up,https://stolafcarleton.teamdynamix.com/TDClient/2092/Carleton/KB/ArticleDet?ID=141413,Campus Software
ImageJ: Installation & Set-up,https://stolafcarleton.teamdynamix.com/TDClient/2092/Carleton/KB/ArticleDet?ID=136269,Campus Software
iMovie: Installation & Set-up,https://stolafcarleton.teamdynamix.com/TDClient/2092/Carleton/KB/ArticleDet?ID=141504,Campus Software
Isadora: Installation & Set-up,https://stolafcarleton.teamdynamix.com/TDClient/2092/Carleton/KB/ArticleDet?ID=141503,Campus Software
JAGS: Installation & Set-up,https://stolafcarleton.teamdynamix.com/TDClient/2092/Carleton/KB/ArticleDet?ID=141505,Campus Software
Jamf Pro: Faculty/Staff Machine Post-Enrollment,https://stolafcarleton.teamdynamix.com/TDClient/2092/Carleton/KB/ArticleDet?ID=136632,Campus Software
Jamf Pro: Shared-Use Machine Post-Enrollment,https://stolafcarleton.teamdynamix.com/TDClient/2092/Carleton/KB/ArticleDet?ID=136633,Campus Software
Jamf Pro: Verify Computer Enrollment,https://stolafcarleton.teamdynamix.com/TDClient/2092/Carleton/KB/ArticleDet?ID=136631,Campus Software
Java OpenJDK: Installation and Set-up,https://stolafcarleton.teamdynamix.com/TDClient/2092/Carleton/KB/ArticleDet?ID=134381,Campus Software
JSyn: Installation & Set-up,https://stolafcarleton.teamdynamix.com/TDClient/2092/Carleton/KB/ArticleDet?ID=136684,Campus Software
Kahoot Licenses,https://stolafcarleton.teamdynamix.com/TDClient/2092/Carleton/KB/ArticleDet?ID=137922,Campus Software
KaleidaGraph: Installation & Set-up,https://stolafcarleton.teamdynamix.com/TDClient/2092/Carleton/KB/ArticleDet?ID=136215,Campus Software
KeyNote: Installation & Set-up,https://stolafcarleton.teamdynamix.com/TDClient/2092/Carleton/KB/ArticleDet?ID=141451,Campus Software
Kurzweil: Installation and Set-up,https://stolafcarleton.teamdynamix.com/TDClient/2092/Carleton/KB/ArticleDet?ID=134394,Campus Software
Labview: Installation & Set-up,https://stolafcarleton.teamdynamix.com/TDClient/2092/Carleton/KB/ArticleDet?ID=141508,Campus Software
Logic Pro: Installation and Set-up,https://stolafcarleton.teamdynamix.com/TDClient/2092/Carleton/KB/ArticleDet?ID=144407,Campus Software
Malwarebytes: Installation and setup,https://stolafcarleton.teamdynamix.com/TDClient/2092/Carleton/KB/ArticleDet?ID=141949,Campus Software
Mathematica: Installation for Faculty/Staff,https://stolafcarleton.teamdynamix.com/TDClient/2092/Carleton/KB/ArticleDet?ID=136169,Campus Software
Mathematica: Installation for Students,https://stolafcarleton.teamdynamix.com/TDClient/2092/Carleton/KB/ArticleDet?ID=136171,Campus Software
MATLAB: Installation Instructions,https://stolafcarleton.teamdynamix.com/TDClient/2092/Carleton/KB/ArticleDet?ID=136168,Campus Software
MATLAB: Updating to the Campus License,https://stolafcarleton.teamdynamix.com/TDClient/2092/Carleton/KB/ArticleDet?ID=136167,Campus Software
Max: Installation & Set-up,https://stolafcarleton.teamdynamix.com/TDClient/2092/Carleton/KB/ArticleDet?ID=141686,Campus Software
Mellel: Installation & Set-up,https://stolafcarleton.teamdynamix.com/TDClient/2092/Carleton/KB/ArticleDet?ID=141754,Campus Software
Mestrenova: Installation & Set-up,https://stolafcarleton.teamdynamix.com/TDClient/2092/Carleton/KB/ArticleDet?ID=141795,Campus Software
MikTex: Installation & Set-up,https://stolafcarleton.teamdynamix.com/TDClient/2092/Carleton/KB/ArticleDet?ID=141800,Campus Software
Modeller: Installation and Set-up,https://stolafcarleton.teamdynamix.com/TDClient/2092/Carleton/KB/ArticleDet?ID=134383,Campus Software
MPEG Streamclip: Installation and Set-up,https://stolafcarleton.teamdynamix.com/TDClient/2092/Carleton/KB/ArticleDet?ID=136202,Campus Software
MultiSpec: Installation & Set-up,https://stolafcarleton.teamdynamix.com/TDClient/2092/Carleton/KB/ArticleDet?ID=141802,Campus Software
Olex2: Installation & Set-up,https://stolafcarleton.teamdynamix.com/TDClient/2092/Carleton/KB/ArticleDet?ID=136216,Campus Software
OnBase: Installation and Accounts,https://stolafcarleton.teamdynamix.com/TDClient/2092/Carleton/KB/ArticleDet?ID=141467,Campus Software
OpenBugs: Installation and Set-up,https://stolafcarleton.teamdynamix.com/TDClient/2092/Carleton/KB/ArticleDet?ID=136187,Campus Software
Outlook: Syncing with your Carleton Google Account (Calendar and Email),https://stolafcarleton.teamdynamix.com/TDClient/2092/Carleton/KB/ArticleDet?ID=142589,Campus Software
PAGEot: Installation & Set-up,https://stolafcarleton.teamdynamix.com/TDClient/2092/Carleton/KB/ArticleDet?ID=142048,Campus Software
Pages: Installation & Set-up,https://stolafcarleton.teamdynamix.com/TDClient/2092/Carleton/KB/ArticleDet?ID=142466,Campus Software
Pages: Installation & Set-up,https://stolafcarleton.teamdynamix.com/TDClient/2092/Carleton/KB/ArticleDet?ID=141452,Campus Software
Panopto: Quick Start Guide,https://stolafcarleton.teamdynamix.com/TDClient/2092/Carleton/KB/ArticleDet?ID=146077,Campus Software
ParaView: Installation & Set-up,https://stolafcarleton.teamdynamix.com/TDClient/2092/Carleton/KB/ArticleDet?ID=142533,Campus Software
ParaView: Installation & Set-up,https://stolafcarleton.teamdynamix.com/TDClient/2092/Carleton/KB/ArticleDet?ID=136288,Campus Software
Poll Everywhere Licenses and Support at Carleton,https://stolafcarleton.teamdynamix.com/TDClient/2092/Carleton/KB/ArticleDet?ID=153862,Campus Software
PowerPoint with Design Ideas enabled,https://stolafcarleton.teamdynamix.com/TDClient/2092/Carleton/KB/ArticleDet?ID=137946,Campus Software
Praat: Installation & Set-up,https://stolafcarleton.teamdynamix.com/TDClient/2092/Carleton/KB/ArticleDet?ID=136539,Campus Software
Pro Tools: Installation & Set-up,https://stolafcarleton.teamdynamix.com/TDClient/2092/Carleton/KB/ArticleDet?ID=142054,Campus Software
Processing: Installation & Set-up,https://stolafcarleton.teamdynamix.com/TDClient/2092/Carleton/KB/ArticleDet?ID=142536,Campus Software
PROCHECK_NT: Installation & Set-up,https://stolafcarleton.teamdynamix.com/TDClient/2092/Carleton/KB/ArticleDet?ID=142052,Campus Software
PsyScope: Installation & Set-up,https://stolafcarleton.teamdynamix.com/TDClient/2092/Carleton/KB/ArticleDet?ID=142055,Campus Software
PyLith: Installation & Set-up,https://stolafcarleton.teamdynamix.com/TDClient/2092/Carleton/KB/ArticleDet?ID=136289,Campus Software
PyLith: Installation & Set-up,https://stolafcarleton.teamdynamix.com/TDClient/2092/Carleton/KB/ArticleDet?ID=142538,Campus Software
Python: Installation & Set-up,https://stolafcarleton.teamdynamix.com/TDClient/2092/Carleton/KB/ArticleDet?ID=142537,Campus Software
QGIS: Installation & Setup,https://stolafcarleton.teamdynamix.com/TDClient/2092/Carleton/KB/ArticleDet?ID=142651,Campus Software
QGIS: Installation & Set-up,https://stolafcarleton.teamdynamix.com/TDClient/2092/Carleton/KB/ArticleDet?ID=136290,Campus Software
R (Statistics): Installation & Set-up,https://stolafcarleton.teamdynamix.com/TDClient/2092/Carleton/KB/ArticleDet?ID=134421,Campus Software
Screenflow: Installation & Set-Up,https://stolafcarleton.teamdynamix.com/TDClient/2092/Carleton/KB/ArticleDet?ID=145094,Campus Software
SeaView: Installation & Setup,https://stolafcarleton.teamdynamix.com/TDClient/2092/Carleton/KB/ArticleDet?ID=142652,Campus Software
Sibelius: Installation & Setup,https://stolafcarleton.teamdynamix.com/TDClient/2092/Carleton/KB/ArticleDet?ID=142654,Campus Software
Soundflower: Installation & Setup,https://stolafcarleton.teamdynamix.com/TDClient/2092/Carleton/KB/ArticleDet?ID=142660,Campus Software
Soundhack: Installation & Set-up,https://stolafcarleton.teamdynamix.com/TDClient/2092/Carleton/KB/ArticleDet?ID=138104,Campus Software
SPEAR: Installation & Setup,https://stolafcarleton.teamdynamix.com/TDClient/2092/Carleton/KB/ArticleDet?ID=142662,Campus Software
Spirion (Identity Finder): No longer in use at Carleton,https://stolafcarleton.teamdynamix.com/TDClient/2092/Carleton/KB/ArticleDet?ID=144905,Campus Software
SPSS: Installation & Set-up,https://stolafcarleton.teamdynamix.com/TDClient/2092/Carleton/KB/ArticleDet?ID=136163,Campus Software
Stata: Installation & Setup,https://stolafcarleton.teamdynamix.com/TDClient/2092/Carleton/KB/ArticleDet?ID=142766,Campus Software
Stella: Installation & Setup,https://stolafcarleton.teamdynamix.com/TDClient/2092/Carleton/KB/ArticleDet?ID=142767,Campus Software
Stellarium: Installation & Setup,https://stolafcarleton.teamdynamix.com/TDClient/2092/Carleton/KB/ArticleDet?ID=142768,Campus Software
SuperCollider: Installation & Setup,https://stolafcarleton.teamdynamix.com/TDClient/2092/Carleton/KB/ArticleDet?ID=142770,Campus Software
Tableau: Installation & Set-up,https://stolafcarleton.teamdynamix.com/TDClient/2092/Carleton/KB/ArticleDet?ID=136292,Campus Software
TeXShop: Installation & Set-up,https://stolafcarleton.teamdynamix.com/TDClient/2092/Carleton/KB/ArticleDet?ID=141912,Campus Software
Tracker: Installation & Set-up,https://stolafcarleton.teamdynamix.com/TDClient/2092/Carleton/KB/ArticleDet?ID=141758,Campus Software
TreeGraph: Installation & Set-up,https://stolafcarleton.teamdynamix.com/TDClient/2092/Carleton/KB/ArticleDet?ID=136160,Campus Software
Troubleshooting Malwarebytes consuming too much hard drive space on macOS computers,https://stolafcarleton.teamdynamix.com/TDClient/2092/Carleton/KB/ArticleDet?ID=147982,Campus Software
Troubleshooting: Downloading Software,https://stolafcarleton.teamdynamix.com/TDClient/2092/Carleton/KB/ArticleDet?ID=136380,Campus Software
Troubleshooting: MacOS Blocked Applications,https://stolafcarleton.teamdynamix.com/TDClient/2092/Carleton/KB/ArticleDet?ID=136386,Campus Software
Troubleshooting: SPSS fails to load on macOS 14 (Sanoma),https://stolafcarleton.teamdynamix.com/TDClient/2092/Carleton/KB/ArticleDet?ID=154993,Campus Software
TWQ: Installation &Set-up,https://stolafcarleton.teamdynamix.com/TDClient/2092/Carleton/KB/ArticleDet?ID=141757,Campus Software
Unity3D: Installation & Set-up,https://stolafcarleton.teamdynamix.com/TDClient/2092/Carleton/KB/ArticleDet?ID=141372,Campus Software
VAMP Plugins: Installation & Set-up,https://stolafcarleton.teamdynamix.com/TDClient/2092/Carleton/KB/ArticleDet?ID=141371,Campus Software
Vensim: Installation & Set-up,https://stolafcarleton.teamdynamix.com/TDClient/2092/Carleton/KB/ArticleDet?ID=136178,Campus Software
VMD: Installation & Set-up,https://stolafcarleton.teamdynamix.com/TDClient/2092/Carleton/KB/ArticleDet?ID=136180,Campus Software
WenLin: Installation & Set-up,https://stolafcarleton.teamdynamix.com/TDClient/2092/Carleton/KB/ArticleDet?ID=141045,Campus Software
WinBUGS: Installation & Set-up,https://stolafcarleton.teamdynamix.com/TDClient/2092/Carleton/KB/ArticleDet?ID=136185,Campus Software
X2go: Installation & Set-Up,https://stolafcarleton.teamdynamix.com/TDClient/2092/Carleton/KB/ArticleDet?ID=141022,Campus Software
Xcode: Installation & Set-up,https://stolafcarleton.teamdynamix.com/TDClient/2092/Carleton/KB/ArticleDet?ID=140807,Campus Software
XQuartz: Installation & Set-up,https://stolafcarleton.teamdynamix.com/TDClient/2092/Carleton/KB/ArticleDet?ID=138108,Campus Software
Zoom: Installation & Set-up,https://stolafcarleton.teamdynamix.com/TDClient/2092/Carleton/KB/ArticleDet?ID=137095&SIDs=10326,Campus Software
Zotero: Installation & Set-up,https://stolafcarleton.teamdynamix.com/TDClient/2092/Carleton/KB/ArticleDet?ID=136161,Campus Software
Computer Labs: Locations and Software,https://stolafcarleton.teamdynamix.com/TDClient/2092/Carleton/KB/ArticleDet?ID=137241,Computer Labs
REMOTELABS: Quick Start Guide,https://stolafcarleton.teamdynamix.com/TDClient/2092/Carleton/KB/ArticleDet?ID=137180,Computer Labs
Adobe: Public Labs with Creative Cloud,https://stolafcarleton.teamdynamix.com/TDClient/2092/Carleton/KB/ArticleDet?ID=136151,Computer Labs
R: Packages Installed in Refreshing Labs and Classrooms,https://stolafcarleton.teamdynamix.com/TDClient/2092/Carleton/KB/ArticleDet?ID=136124,Computer Labs
REMOTELABS: Connection & Usage,https://stolafcarleton.teamdynamix.com/TDClient/2092/Carleton/KB/ArticleDet?ID=137183,Computer Labs
REMOTELABS: Installation & Set-up,https://stolafcarleton.teamdynamix.com/TDClient/2092/Carleton/KB/ArticleDet?ID=137182,Computer Labs
REMOTELABS: Installed Software,https://stolafcarleton.teamdynamix.com/TDClient/2092/Carleton/KB/ArticleDet?ID=137184,Computer Labs
Computer Replacement/Deployment Appointments,https://stolafcarleton.teamdynamix.com/TDClient/2092/Carleton/KB/ArticleDet?ID=140159,Faculty & Staff Computers
Mac: New Computer Setup,https://stolafcarleton.teamdynamix.com/TDClient/2092/Carleton/KB/ArticleDet?ID=137529,Faculty & Staff Computers
Standard Computing Equipment for Carleton Employees,https://stolafcarleton.teamdynamix.com/TDClient/2092/Carleton/KB/ArticleDet?ID=136901,Faculty & Staff Computers
Windows: New Computer Setup,https://stolafcarleton.teamdynamix.com/TDClient/2092/Carleton/KB/ArticleDet?ID=137536,Faculty & Staff Computers
macOS: Canon Printing Setting Presets,https://stolafcarleton.teamdynamix.com/TDClient/2092/Carleton/KB/ArticleDet?ID=140466,Printing Smarter
macOS: Enabling Stapler and Other Specialty Printing Options for Canon Printers,https://stolafcarleton.teamdynamix.com/TDClient/2092/Carleton/KB/ArticleDet?ID=140518,Printing Smarter
macOS: Xerox Printing Setting Presets,https://stolafcarleton.teamdynamix.com/TDClient/2092/Carleton/KB/ArticleDet?ID=141749,Printing Smarter
Windows: Changing Default Printing Settings,https://stolafcarleton.teamdynamix.com/TDClient/2092/Carleton/KB/ArticleDet?ID=140465,Printing Smarter
Xerox: Secured Printing,https://stolafcarleton.teamdynamix.com/TDClient/2092/Carleton/KB/ArticleDet?ID=146879,Printing Smarter
Classroom Technology,https://stolafcarleton.teamdynamix.com/TDClient/2092/Carleton/KB/ArticleDet?ID=142282,Classroom Support
Language Lesson: Report an Issue,https://stolafcarleton.teamdynamix.com/TDClient/2092/Carleton/KB/ArticleDet?ID=140434,Language Lesson
Language Lesson: Student Tutorial,https://stolafcarleton.teamdynamix.com/TDClient/2092/Carleton/KB/ArticleDet?ID=140430,Language Lesson
Leaving Carleton - Your Personal/Class Websites,https://stolafcarleton.teamdynamix.com/TDClient/2092/Carleton/KB/ArticleDet?ID=143255,"CarlSites - WordPress, Omeka and Scalar"
"FlexWork: Communication, Calendars, and Setting Shared Expectations",https://stolafcarleton.teamdynamix.com/TDClient/2092/Carleton/KB/ArticleDet?ID=137230,FlexWork Technology
Preparing to Work from Off Campus,https://stolafcarleton.teamdynamix.com/TDClient/2092/Carleton/KB/ArticleDet?ID=137075,FlexWork Technology
Best Practices for Inclusive Meetings in Zoom or Google Meet,https://stolafcarleton.teamdynamix.com/TDClient/2092/Carleton/KB/ArticleDet?ID=137443,FlexWork Technology
Computer Equipment for Your Home Office,https://stolafcarleton.teamdynamix.com/TDClient/2092/Carleton/KB/ArticleDet?ID=137181,FlexWork Technology
Conferencing for Hybrid Teams: Audio and Video Setup,https://stolafcarleton.teamdynamix.com/TDClient/2092/Carleton/KB/ArticleDet?ID=137455,FlexWork Technology
Conferencing for Hybrid Teams: Conference-Ready Rooms,https://stolafcarleton.teamdynamix.com/TDClient/2092/Carleton/KB/ArticleDet?ID=137446,FlexWork Technology
Conferencing for Hybrid Teams: Requesting Equipment,https://stolafcarleton.teamdynamix.com/TDClient/2092/Carleton/KB/ArticleDet?ID=137163,FlexWork Technology
Core Communication Tools at Carleton,https://stolafcarleton.teamdynamix.com/TDClient/2092/Carleton/KB/ArticleDet?ID=137520,FlexWork Technology
GlobalProtect VPN: Installing and Connecting Your Carleton VPN,https://stolafcarleton.teamdynamix.com/TDClient/2092/Carleton/KB/ArticleDet?ID=137157&SIDs=10284,FlexWork Technology
Google Drive and Dropbox: Cloud File Storage for Remote and Hybrid Work,https://stolafcarleton.teamdynamix.com/TDClient/2092/Carleton/KB/ArticleDet?ID=137161,FlexWork Technology
How to Transport Your Computer Monitor,https://stolafcarleton.teamdynamix.com/TDClient/2092/Carleton/KB/ArticleDet?ID=137295,FlexWork Technology
Improving Home WiFi Connections,https://stolafcarleton.teamdynamix.com/TDClient/2092/Carleton/KB/ArticleDet?ID=136958,FlexWork Technology
Setting up a Cellular Hotspot for Mobile WiFi,https://stolafcarleton.teamdynamix.com/TDClient/2092/Carleton/KB/ArticleDet?ID=137080,FlexWork Technology
Standard Computing Equipment for Carleton Employees,https://stolafcarleton.teamdynamix.com/TDClient/2092/Carleton/KB/ArticleDet?ID=136901&SIDs=10250,FlexWork Technology
Troubleshooting Home WiFi Problems,https://stolafcarleton.teamdynamix.com/TDClient/2092/Carleton/KB/ArticleDet?ID=137079,FlexWork Technology
Zoom: Common Features and Functions,https://stolafcarleton.teamdynamix.com/TDClient/2092/Carleton/KB/ArticleDet?ID=137502&SIDs=10327,FlexWork Technology
Zoom: Tips and Tricks for Zoom Meetings,https://stolafcarleton.teamdynamix.com/TDClient/2092/Carleton/KB/ArticleDet?ID=137331&SIDs=10309,FlexWork Technology
Zulu Softphone: Quick Start Guide,https://stolafcarleton.teamdynamix.com/TDClient/2092/Carleton/KB/ArticleDet?ID=111712&SIDs=10312,FlexWork Technology
CrashPlan (formerly Code42): Install and Set Up your Cloud Backup Service,https://stolafcarleton.teamdynamix.com/TDClient/2092/Carleton/KB/ArticleDet?ID=134263&SIDs=10320,FlexWork Technology
GlobalProtect VPN: Installing and Connecting Your Carleton VPN,https://stolafcarleton.teamdynamix.com/TDClient/2092/Carleton/KB/ArticleDet?ID=137157&SIDs=10285,New Students
Moodle: Introduction for Students,https://stolafcarleton.teamdynamix.com/TDClient/2092/Carleton/KB/ArticleDet?ID=137542&SIDs=10334,New Students
New Students: Finding Your College ID,https://stolafcarleton.teamdynamix.com/TDClient/2092/Carleton/KB/ArticleDet?ID=144195,New Students
New Students: Quick Start Guide,https://stolafcarleton.teamdynamix.com/TDClient/2092/Carleton/KB/ArticleDet?ID=137493,New Students
Technology in Campus Housing for Faculty & Staff: Quick Start Guide,https://stolafcarleton.teamdynamix.com/TDClient/2092/Carleton/KB/ArticleDet?ID=146177,New Faculty
Leaving Carleton: Your Digital Departure,https://stolafcarleton.teamdynamix.com/TDClient/2092/Carleton/KB/ArticleDet?ID=143864,Digital Departures
Adobe: Creative Cloud Quick Start Guide,https://stolafcarleton.teamdynamix.com/TDClient/2092/Carleton/KB/ArticleDet?ID=136159,Adobe Creative Cloud
Adobe: License Eligibility,https://stolafcarleton.teamdynamix.com/TDClient/2092/Carleton/KB/ArticleDet?ID=136154,Adobe Creative Cloud
Adobe Sign: getting started,https://stolafcarleton.teamdynamix.com/TDClient/2092/Carleton/KB/ArticleDet?ID=138573,Adobe Creative Cloud
Adobe: Creating an ID,https://stolafcarleton.teamdynamix.com/TDClient/2092/Carleton/KB/ArticleDet?ID=136152,Adobe Creative Cloud
Adobe: Downloading the Creative Cloud Desktop Application,https://stolafcarleton.teamdynamix.com/TDClient/2092/Carleton/KB/ArticleDet?ID=136153,Adobe Creative Cloud
Adobe: Installing Applications,https://stolafcarleton.teamdynamix.com/TDClient/2092/Carleton/KB/ArticleDet?ID=136149,Adobe Creative Cloud
Adobe: Migrating Cloud Storage,https://stolafcarleton.teamdynamix.com/TDClient/2092/Carleton/KB/ArticleDet?ID=143946,Adobe Creative Cloud
Adobe: Migrating Creative Cloud Files,https://stolafcarleton.teamdynamix.com/TDClient/2092/Carleton/KB/ArticleDet?ID=144891,Adobe Creative Cloud
Adobe: Uninstalling Products,https://stolafcarleton.teamdynamix.com/TDClient/2092/Carleton/KB/ArticleDet?ID=136150,Adobe Creative Cloud
Troubleshooting Adobe licensing problems,https://stolafcarleton.teamdynamix.com/TDClient/2092/Carleton/KB/ArticleDet?ID=146940,Adobe Creative Cloud
Microsoft Office 365: Quick Start Guide,https://stolafcarleton.teamdynamix.com/TDClient/2092/Carleton/KB/ArticleDet?ID=134386,Microsoft Office
Microsoft Office for Faculty & Staff: Installation & Setup,https://stolafcarleton.teamdynamix.com/TDClient/2092/Carleton/KB/ArticleDet?ID=137538,Microsoft Office
Installing Microsoft Office 365 Applications on your Personal computer,https://stolafcarleton.teamdynamix.com/TDClient/2092/Carleton/KB/ArticleDet?ID=134388,Microsoft Office
Microsoft Office 365 Online Interface,https://stolafcarleton.teamdynamix.com/TDClient/2092/Carleton/KB/ArticleDet?ID=134389,Microsoft Office
Microsoft Office: Auto Updating,https://stolafcarleton.teamdynamix.com/TDClient/2092/Carleton/KB/ArticleDet?ID=137539,Microsoft Office
"Microsoft Office: Mobile (for iPad, iPhone, or Android)",https://stolafcarleton.teamdynamix.com/TDClient/2092/Carleton/KB/ArticleDet?ID=134390,Microsoft Office
Microsoft Office: Resources and Support,https://stolafcarleton.teamdynamix.com/TDClient/2092/Carleton/KB/ArticleDet?ID=134392,Microsoft Office
Microsoft Office: Uninstalling,https://stolafcarleton.teamdynamix.com/TDClient/2092/Carleton/KB/ArticleDet?ID=137945,Microsoft Office
Microsoft Windows: Troubleshooting Notifications Requiring that You Activate Windows,https://stolafcarleton.teamdynamix.com/TDClient/2092/Carleton/KB/ArticleDet?ID=140928,Microsoft Office
Troubleshooting: Office error saying your product is unlicensed,https://stolafcarleton.teamdynamix.com/TDClient/2092/Carleton/KB/ArticleDet?ID=146479,Microsoft Office
Microsoft Office: For Faculty & Staff Preparing to Leave Carleton,https://stolafcarleton.teamdynamix.com/TDClient/2092/Carleton/KB/ArticleDet?ID=134391,Microsoft Office
Zoom: Common Features and Functions,https://stolafcarleton.teamdynamix.com/TDClient/2092/Carleton/KB/ArticleDet?ID=137502&SIDs=10338,Zoom Conferencing
Zoom: Installation & Set-up,https://stolafcarleton.teamdynamix.com/TDClient/2092/Carleton/KB/ArticleDet?ID=137095&SIDs=10338,Zoom Conferencing
Best Practices for Inclusive Meetings in Zoom or Google Meet,https://stolafcarleton.teamdynamix.com/TDClient/2092/Carleton/KB/ArticleDet?ID=137443&SIDs=10338%2c10328,Zoom Conferencing
Windows Defender Firewall blocking certain features of Zoom,https://stolafcarleton.teamdynamix.com/TDClient/2092/Carleton/KB/ArticleDet?ID=142988&SIDs=10338,Zoom Conferencing
Zoom Licenses at Carleton,https://stolafcarleton.teamdynamix.com/TDClient/2092/Carleton/KB/ArticleDet?ID=137329&SIDs=10338,Zoom Conferencing
Zoom: Checking for Updates,https://stolafcarleton.teamdynamix.com/TDClient/2092/Carleton/KB/ArticleDet?ID=137093&SIDs=10338,Zoom Conferencing
Zoom: Closed Captioning,https://stolafcarleton.teamdynamix.com/TDClient/2092/Carleton/KB/ArticleDet?ID=137373&SIDs=10338,Zoom Conferencing
Zoom: Collecting logs to assist Zoom engineers in diagnostics for repeated failures,https://stolafcarleton.teamdynamix.com/TDClient/2092/Carleton/KB/ArticleDet?ID=140269&SIDs=10338,Zoom Conferencing
Zoom: General Guidelines for Classrooms,https://stolafcarleton.teamdynamix.com/TDClient/2092/Carleton/KB/ArticleDet?ID=137158&SIDs=10338,Zoom Conferencing
Zoom: How to Sign In with your Carleton Account,https://stolafcarleton.teamdynamix.com/TDClient/2092/Carleton/KB/ArticleDet?ID=134249&SIDs=10338,Zoom Conferencing
Zoom: Large Group Meeting License,https://stolafcarleton.teamdynamix.com/TDClient/2092/Carleton/KB/ArticleDet?ID=137094&SIDs=10338,Zoom Conferencing
Zoom: Meeting Recordings,https://stolafcarleton.teamdynamix.com/TDClient/2092/Carleton/KB/ArticleDet?ID=141613&SIDs=10338,Zoom Conferencing
Zoom: Recording to the Cloud,https://stolafcarleton.teamdynamix.com/TDClient/2092/Carleton/KB/ArticleDet?ID=143799&SIDs=10338,Zoom Conferencing
Zoom: Tips and Tricks for Zoom Meetings,https://stolafcarleton.teamdynamix.com/TDClient/2092/Carleton/KB/ArticleDet?ID=137331&SIDs=10338,Zoom Conferencing
"Zoom: Workaround for ""Unable to Connect to Network""- Joining from Your Browser",https://stolafcarleton.teamdynamix.com/TDClient/2092/Carleton/KB/ArticleDet?ID=138488&SIDs=10338,Zoom Conferencing
macOS: Upgrading Your Operating System Quick Start Guide,https://stolafcarleton.teamdynamix.com/TDClient/2092/Carleton/KB/ArticleDet?ID=134277,macOS
macOS Upgrade: Known Issues,https://stolafcarleton.teamdynamix.com/TDClient/2092/Carleton/KB/ArticleDet?ID=136557,macOS
macOS: After you Upgrade,https://stolafcarleton.teamdynamix.com/TDClient/2092/Carleton/KB/ArticleDet?ID=136556,macOS
macOS: Checking your Applications,https://stolafcarleton.teamdynamix.com/TDClient/2092/Carleton/KB/ArticleDet?ID=136552,macOS
macOS: Checking your Disk,https://stolafcarleton.teamdynamix.com/TDClient/2092/Carleton/KB/ArticleDet?ID=136554,macOS
macOS: Running the Upgrade,https://stolafcarleton.teamdynamix.com/TDClient/2092/Carleton/KB/ArticleDet?ID=136555,macOS
macOS: Which macOS do I have?,https://stolafcarleton.teamdynamix.com/TDClient/2092/Carleton/KB/ArticleDet?ID=148734,macOS
Updating Your Windows 10 or 11 Version,https://stolafcarleton.teamdynamix.com/TDClient/2092/Carleton/KB/ArticleDet?ID=134289,Windows
Adobe Acrobat Pro replaces Adobe Reader,https://stolafcarleton.teamdynamix.com/TDClient/2092/Carleton/KB/ArticleDet?ID=145484,Windows
BitLocker: Installation and Setup,https://stolafcarleton.teamdynamix.com/TDClient/2092/Carleton/KB/ArticleDet?ID=137540,Windows
Lenovo: Troubleshooting issue where Thunderbolt Firmware update does not install,https://stolafcarleton.teamdynamix.com/TDClient/2092/Carleton/KB/ArticleDet?ID=141731,Windows
Troubleshooting: Windows Smart Screen Protection,https://stolafcarleton.teamdynamix.com/TDClient/2092/Carleton/KB/ArticleDet?ID=136384,Windows
Windows 10 or 11 Update Process,https://stolafcarleton.teamdynamix.com/TDClient/2092/Carleton/KB/ArticleDet?ID=134280,Windows
Windows: Apple Software Update,https://stolafcarleton.teamdynamix.com/TDClient/2092/Carleton/KB/ArticleDet?ID=136558,Windows
Windows: Check Your Windows Version,https://stolafcarleton.teamdynamix.com/TDClient/2092/Carleton/KB/ArticleDet?ID=136815,Windows
Windows: Fixing a blank blue screen that appears on startup,https://stolafcarleton.teamdynamix.com/TDClient/2092/Carleton/KB/ArticleDet?ID=136975,Windows
Windows: How to Run the Update Assistant,https://stolafcarleton.teamdynamix.com/TDClient/2092/Carleton/KB/ArticleDet?ID=136818,Windows
Windows: How to Verify Your Free Disk Space,https://stolafcarleton.teamdynamix.com/TDClient/2092/Carleton/KB/ArticleDet?ID=136798,Windows
Windows: Installing Driver Updates on a Surface Laptop,https://stolafcarleton.teamdynamix.com/TDClient/2092/Carleton/KB/ArticleDet?ID=136692,Windows
Windows: Lenovo and Lenovo Dock Updates,https://stolafcarleton.teamdynamix.com/TDClient/2092/Carleton/KB/ArticleDet?ID=136515,Windows
Windows: Patching Schedule,https://stolafcarleton.teamdynamix.com/TDClient/2092/Carleton/KB/ArticleDet?ID=136789,Windows
Windows: Updating Dell Drivers and BIOS,https://stolafcarleton.teamdynamix.com/TDClient/2092/Carleton/KB/ArticleDet?ID=136525,Windows
Windows: Using an Apple USB SuperDrive from the Equipment Checkout Center (ECC),https://stolafcarleton.teamdynamix.com/TDClient/2092/Carleton/KB/ArticleDet?ID=141656,Windows
Moodle Placement Test Reports,https://stolafcarleton.teamdynamix.com/TDClient/2092/Carleton/KB/ArticleDet?ID=153949,For Instructors
Moodle Dashboard,https://stolafcarleton.teamdynamix.com/TDClient/2092/Carleton/KB/ArticleDet?ID=146409&SIDs=11720,For Students
Moodle: How to Set Up Personal Pronouns,https://stolafcarleton.teamdynamix.com/TDClient/2092/Carleton/KB/ArticleDet?ID=145218&SIDs=11721,For Students
Moodle: Introduction for Students,https://stolafcarleton.teamdynamix.com/TDClient/2092/Carleton/KB/ArticleDet?ID=137542,For Students
Moodle: Downloading your Content,https://stolafcarleton.teamdynamix.com/TDClient/2092/Carleton/KB/ArticleDet?ID=143875,For Students
Moodle: Moodle Themes and Formats,https://stolafcarleton.teamdynamix.com/TDClient/2092/Carleton/KB/ArticleDet?ID=147163,For Students
Crestron Wireless Presentation: Quick Start Guide,https://stolafcarleton.teamdynamix.com/TDClient/2092/Carleton/KB/ArticleDet?ID=142264,Wireless Presentation Technology
Crestron Wireless Presentation for Android: Using the AirMedia App,https://stolafcarleton.teamdynamix.com/TDClient/2092/Carleton/KB/ArticleDet?ID=142274,Wireless Presentation Technology
Crestron Wireless Presentation for iOS: Using the AirMedia App,https://stolafcarleton.teamdynamix.com/TDClient/2092/Carleton/KB/ArticleDet?ID=142270,Wireless Presentation Technology
Crestron Wireless Presentation for macOS: Using the AirMedia App,https://stolafcarleton.teamdynamix.com/TDClient/2092/Carleton/KB/ArticleDet?ID=142267,Wireless Presentation Technology
Crestron Wireless Presentation for Windows: Using the AirMedia App,https://stolafcarleton.teamdynamix.com/TDClient/2092/Carleton/KB/ArticleDet?ID=142268,Wireless Presentation Technology
Crestron Wireless Presentation: Installing the AirMedia App,https://stolafcarleton.teamdynamix.com/TDClient/2092/Carleton/KB/ArticleDet?ID=142265,Wireless Presentation Technology
Crestron Wireless Presentation: Troubleshooting,https://stolafcarleton.teamdynamix.com/TDClient/2092/Carleton/KB/ArticleDet?ID=150189,Wireless Presentation Technology
Teaching Station: The projection isn't showing...,https://stolafcarleton.teamdynamix.com/TDClient/2092/Carleton/KB/ArticleDet?ID=150246,Troubleshooting FAQ  for Teaching Stations
Teaching Station: The sound isn't playing...,https://stolafcarleton.teamdynamix.com/TDClient/2092/Carleton/KB/ArticleDet?ID=150245,Troubleshooting FAQ  for Teaching Stations
Crestron Wireless Presentation: Troubleshooting,https://stolafcarleton.teamdynamix.com/TDClient/2092/Carleton/KB/ArticleDet?ID=150189&SIDs=11711,Troubleshooting FAQ  for Teaching Stations
Teaching Station: The camera/mic system isn't here/working like I expect...,https://stolafcarleton.teamdynamix.com/TDClient/2092/Carleton/KB/ArticleDet?ID=150334,Troubleshooting FAQ  for Teaching Stations
Teaching Station: The Blu-ray isn't working...,https://stolafcarleton.teamdynamix.com/TDClient/2092/Carleton/KB/ArticleDet?ID=150270,Troubleshooting FAQ  for Teaching Stations
Teaching Station: The document camera isn't here/displaying...,https://stolafcarleton.teamdynamix.com/TDClient/2092/Carleton/KB/ArticleDet?ID=150332,Troubleshooting FAQ  for Teaching Stations
"Teaching Station: Screens, Lights, and Motorized Shades",https://stolafcarleton.teamdynamix.com/TDClient/2092/Carleton/KB/ArticleDet?ID=150412,Troubleshooting FAQ  for Teaching Stations
CarlSites: Terms and Definitions,https://stolafcarleton.teamdynamix.com/TDClient/2092/Carleton/KB/ArticleDet?ID=141612,Carlsites: Start Here
CarlSites: Getting Started,https://stolafcarleton.teamdynamix.com/TDClient/2092/Carleton/KB/ArticleDet?ID=148027,Carlsites: Start Here
CarlSites: Technical Guide,https://stolafcarleton.teamdynamix.com/TDClient/2092/Carleton/KB/ArticleDet?ID=148028,Carlsites: Start Here
CarlSites: cPanel Theme Change,https://stolafcarleton.teamdynamix.com/TDClient/2092/Carleton/KB/ArticleDet?ID=141306,Carlsites: Start Here
Your Sites and the Great Password Change,https://stolafcarleton.teamdynamix.com/TDClient/2092/Carleton/KB/ArticleDet?ID=141359,Carlsites: Start Here
CarlSites: Understanding the cPanel,https://stolafcarleton.teamdynamix.com/TDClient/2092/Carleton/KB/ArticleDet?ID=151360,cPanel
CarlSites: cPanel Theme Change,https://stolafcarleton.teamdynamix.com/TDClient/2092/Carleton/KB/ArticleDet?ID=141306&SIDs=11871,cPanel
Carlsites: Installing Free SSL Certificates,https://stolafcarleton.teamdynamix.com/TDClient/2092/Carleton/KB/ArticleDet?ID=150796,cPanel
CarlSites Omeka: New Site Guide,https://stolafcarleton.teamdynamix.com/TDClient/2092/Carleton/KB/ArticleDet?ID=150655,Omeka
CarlSites: Adding & Managing Users on Omeka,https://stolafcarleton.teamdynamix.com/TDClient/2092/Carleton/KB/ArticleDet?ID=150660,Omeka
CarlSites: Adding Exhibits in Omeka,https://stolafcarleton.teamdynamix.com/TDClient/2092/Carleton/KB/ArticleDet?ID=150653,Omeka
CarlSites: Omeka Setup Guide,https://stolafcarleton.teamdynamix.com/TDClient/2092/Carleton/KB/ArticleDet?ID=154371,Omeka
Carlsites WordPress: New Site Guide,https://stolafcarleton.teamdynamix.com/TDClient/2092/Carleton/KB/ArticleDet?ID=150661,WordPress
Moodle Dashboard,https://stolafcarleton.teamdynamix.com/TDClient/2092/Carleton/KB/ArticleDet?ID=146409,Moodle Basics
Moodle: How to Set Up Personal Pronouns,https://stolafcarleton.teamdynamix.com/TDClient/2092/Carleton/KB/ArticleDet?ID=145218,Moodle Basics
Moodle: Making grades visible to students,https://stolafcarleton.teamdynamix.com/TDClient/2092/Carleton/KB/ArticleDet?ID=150038&SIDs=11680,Moodle Basics
Moodle: Making your Course Visible to Students,https://stolafcarleton.teamdynamix.com/TDClient/2092/Carleton/KB/ArticleDet?ID=148507,Moodle Basics
Moodle: Course Settings,https://stolafcarleton.teamdynamix.com/TDClient/2092/Carleton/KB/ArticleDet?ID=134591,Moodle Basics
"Moodle: Course Themes, Formats, and Blocks",https://stolafcarleton.teamdynamix.com/TDClient/2092/Carleton/KB/ArticleDet?ID=136312&SIDs=11520,Moodle Basics
Moodle: Import Course Materials,https://stolafcarleton.teamdynamix.com/TDClient/2092/Carleton/KB/ArticleDet?ID=135859&SIDs=11522,Moodle Basics
Moodle: Setting up the Gradebook,https://stolafcarleton.teamdynamix.com/TDClient/2092/Carleton/KB/ArticleDet?ID=135898&SIDs=11521,Moodle Basics
Moodle: Working with Media,https://stolafcarleton.teamdynamix.com/TDClient/2092/Carleton/KB/ArticleDet?ID=141011,Moodle Basics
"Moodle: Course Themes, Formats, and Blocks",https://stolafcarleton.teamdynamix.com/TDClient/2092/Carleton/KB/ArticleDet?ID=136312,Course Layout
Moodle: Blocks,https://stolafcarleton.teamdynamix.com/TDClient/2092/Carleton/KB/ArticleDet?ID=138593,Course Layout
Moodle: Carleton Boost Theme,https://stolafcarleton.teamdynamix.com/TDClient/2092/Carleton/KB/ArticleDet?ID=140567,Course Layout
Moodle: Fordson Theme,https://stolafcarleton.teamdynamix.com/TDClient/2092/Carleton/KB/ArticleDet?ID=139350,Course Layout
Moodle: Moove Theme,https://stolafcarleton.teamdynamix.com/TDClient/2092/Carleton/KB/ArticleDet?ID=139352,Course Layout
Moodle: Weekly Course Format,https://stolafcarleton.teamdynamix.com/TDClient/2092/Carleton/KB/ArticleDet?ID=136318,Course Layout
Moodle: Topics Course Format,https://stolafcarleton.teamdynamix.com/TDClient/2092/Carleton/KB/ArticleDet?ID=136321,Course Layout
Moodle: Buttons Course Format,https://stolafcarleton.teamdynamix.com/TDClient/2092/Carleton/KB/ArticleDet?ID=136326,Course Layout
Moodle: Flexible Sections Course Format,https://stolafcarleton.teamdynamix.com/TDClient/2092/Carleton/KB/ArticleDet?ID=135809,Course Layout
Moodle: Tiles Course Format,https://stolafcarleton.teamdynamix.com/TDClient/2092/Carleton/KB/ArticleDet?ID=138565,Course Layout
Moodle: Single Activity Course Format,https://stolafcarleton.teamdynamix.com/TDClient/2092/Carleton/KB/ArticleDet?ID=138567,Course Layout
Moodle: Social Course Format,https://stolafcarleton.teamdynamix.com/TDClient/2092/Carleton/KB/ArticleDet?ID=138822,Course Layout
Moodle: Creating custom scales for grading,https://stolafcarleton.teamdynamix.com/TDClient/2092/Carleton/KB/ArticleDet?ID=148214,All about Grading
Moodle: Downloading your Gradebook,https://stolafcarleton.teamdynamix.com/TDClient/2092/Carleton/KB/ArticleDet?ID=151890,All about Grading
Moodle: Making grades visible to students,https://stolafcarleton.teamdynamix.com/TDClient/2092/Carleton/KB/ArticleDet?ID=150038,All about Grading
Moodle: Setting up the Gradebook,https://stolafcarleton.teamdynamix.com/TDClient/2092/Carleton/KB/ArticleDet?ID=135898,All about Grading
Moodle: Grading Interface: Assignment vs Gradebook,https://stolafcarleton.teamdynamix.com/TDClient/2092/Carleton/KB/ArticleDet?ID=138715,All about Grading
Moodle: Quiz - Basic Guide,https://stolafcarleton.teamdynamix.com/TDClient/2092/Carleton/KB/ArticleDet?ID=138598,Quizzing
Moodle: Quiz - Question Bank,https://stolafcarleton.teamdynamix.com/TDClient/2092/Carleton/KB/ArticleDet?ID=141253,Quizzing
Moodle: Quiz - Automatic and Manual Grading,https://stolafcarleton.teamdynamix.com/TDClient/2092/Carleton/KB/ArticleDet?ID=141893,Quizzing
Moodle: Adding Non @carleton Participants,https://stolafcarleton.teamdynamix.com/TDClient/2092/Carleton/KB/ArticleDet?ID=134437,Enrollments
Moodle: Course Sites and Enrollments,https://stolafcarleton.teamdynamix.com/TDClient/2092/Carleton/KB/ArticleDet?ID=145873,Enrollments
Moodle: Linking to a Metacourse,https://stolafcarleton.teamdynamix.com/TDClient/2092/Carleton/KB/ArticleDet?ID=148578,Enrollments
Moodle: Enrollments,https://stolafcarleton.teamdynamix.com/TDClient/2092/Carleton/KB/ArticleDet?ID=138955,Enrollments
Moodle: Roles and Permissions,https://stolafcarleton.teamdynamix.com/TDClient/2092/Carleton/KB/ArticleDet?ID=138792,Enrollments
Moodle: Groups and Groupings,https://stolafcarleton.teamdynamix.com/TDClient/2092/Carleton/KB/ArticleDet?ID=138476,Group Activities
Moodle: Access Restriction,https://stolafcarleton.teamdynamix.com/TDClient/2092/Carleton/KB/ArticleDet?ID=140854&SIDs=11644,Group Activities
Moodle: Setting up Moodle Scheduler,https://stolafcarleton.teamdynamix.com/TDClient/2092/Carleton/KB/ArticleDet?ID=146392,Group Activities
Moodle: Course Backup,https://stolafcarleton.teamdynamix.com/TDClient/2092/Carleton/KB/ArticleDet?ID=134578,Course Reuse
Moodle: Import Course Materials,https://stolafcarleton.teamdynamix.com/TDClient/2092/Carleton/KB/ArticleDet?ID=135859,Course Reuse
Moodle: Options for Limiting Student Access,https://stolafcarleton.teamdynamix.com/TDClient/2092/Carleton/KB/ArticleDet?ID=141617,Completion Tracking & Access Restriction
Moodle: Activity Completion,https://stolafcarleton.teamdynamix.com/TDClient/2092/Carleton/KB/ArticleDet?ID=146461,Completion Tracking & Access Restriction
Moodle: Course Completion,https://stolafcarleton.teamdynamix.com/TDClient/2092/Carleton/KB/ArticleDet?ID=154128,Completion Tracking & Access Restriction
Moodle: Access Restriction,https://stolafcarleton.teamdynamix.com/TDClient/2092/Carleton/KB/ArticleDet?ID=140854,Completion Tracking & Access Restriction
Adobe Acrobat Pro: Running PDF Document Accessibility Checks & Accessibility Quick Fixes,https://stolafcarleton.teamdynamix.com/TDClient/2092/Carleton/KB/ArticleDet?ID=147971,Ally for Moodle
Adobe Acrobat Pro: Turning Files into Editable Text and Images,https://stolafcarleton.teamdynamix.com/TDClient/2092/Carleton/KB/ArticleDet?ID=148024,Ally for Moodle
Adobe Acrobat Pro: Properly Tagging Page Content & Setting Alternate Text for Figures,https://stolafcarleton.teamdynamix.com/TDClient/2092/Carleton/KB/ArticleDet?ID=148037,Ally for Moodle
Adobe Acrobat Pro: Correcting Document Color Contrast Issues,https://stolafcarleton.teamdynamix.com/TDClient/2092/Carleton/KB/ArticleDet?ID=148143,Ally for Moodle
Moodle: Gradescope integration,https://stolafcarleton.teamdynamix.com/TDClient/2092/Carleton/KB/ArticleDet?ID=154147,External Tools
Uploading a video from your iPad to Moodle,https://stolafcarleton.teamdynamix.com/TDClient/2092/Carleton/KB/ArticleDet?ID=154540,iPad + Moodle
Moodle: Quiz - Automatic and Manual Grading,https://stolafcarleton.teamdynamix.com/TDClient/2092/Carleton/KB/ArticleDet?ID=141893&SIDs=11722,Student TAs
