Category_Name,Link
Accounts & Passwords,https://stolafcarleton.teamdynamix.com/TDClient/2092/Carleton/KB/?CategoryID=22132
Communication & Collaboration,https://stolafcarleton.teamdynamix.com/TDClient/2092/Carleton/KB/?CategoryID=18496
Digital Storage,https://stolafcarleton.teamdynamix.com/TDClient/2092/Carleton/KB/?CategoryID=22135
Hardware & Software,https://stolafcarleton.teamdynamix.com/TDClient/2092/Carleton/KB/?CategoryID=22133
Information Security,https://stolafcarleton.teamdynamix.com/TDClient/2092/Carleton/KB/?CategoryID=19769
Internet & Networks,https://stolafcarleton.teamdynamix.com/TDClient/2092/Carleton/KB/?CategoryID=22134
Printing,https://stolafcarleton.teamdynamix.com/TDClient/2092/Carleton/KB/?CategoryID=22141
"Technology for Teaching, Learning and Research",https://stolafcarleton.teamdynamix.com/TDClient/2092/Carleton/KB/?CategoryID=21527
You and Carleton Technology,https://stolafcarleton.teamdynamix.com/TDClient/2092/Carleton/KB/?CategoryID=22207
