Tag_Name,Link
macos,https://stolafcarleton.teamdynamix.com/TDClient/2092/Carleton/KB/Search?SearchText=%2523macos
windows,https://stolafcarleton.teamdynamix.com/TDClient/2092/Carleton/KB/Search?SearchText=%2523windows
linux,https://stolafcarleton.teamdynamix.com/TDClient/2092/Carleton/KB/Search?SearchText=%2523linux
moodle,https://stolafcarleton.teamdynamix.com/TDClient/2092/Carleton/KB/Search?SearchText=%2523moodle
course,https://stolafcarleton.teamdynamix.com/TDClient/2092/Carleton/KB/Search?SearchText=%2523course
Zulu,https://stolafcarleton.teamdynamix.com/TDClient/2092/Carleton/KB/Search?SearchText=%2523Zulu
adobe,https://stolafcarleton.teamdynamix.com/TDClient/2092/Carleton/KB/Search?SearchText=%2523adobe
printer,https://stolafcarleton.teamdynamix.com/TDClient/2092/Carleton/KB/Search?SearchText=%2523printer
Grandstream,https://stolafcarleton.teamdynamix.com/TDClient/2092/Carleton/KB/Search?SearchText=%2523Grandstream
format,https://stolafcarleton.teamdynamix.com/TDClient/2092/Carleton/KB/Search?SearchText=%2523format
layout,https://stolafcarleton.teamdynamix.com/TDClient/2092/Carleton/KB/Search?SearchText=%2523layout
office,https://stolafcarleton.teamdynamix.com/TDClient/2092/Carleton/KB/Search?SearchText=%2523office
accessibility,https://stolafcarleton.teamdynamix.com/TDClient/2092/Carleton/KB/Search?SearchText=%2523accessibility
voicemail,https://stolafcarleton.teamdynamix.com/TDClient/2092/Carleton/KB/Search?SearchText=%2523voicemail
Adobe-Acrobat,https://stolafcarleton.teamdynamix.com/TDClient/2092/Carleton/KB/Search?SearchText=%2523Adobe-Acrobat
Ally,https://stolafcarleton.teamdynamix.com/TDClient/2092/Carleton/KB/Search?SearchText=%2523Ally
gradebook,https://stolafcarleton.teamdynamix.com/TDClient/2092/Carleton/KB/Search?SearchText=%2523gradebook
theme,https://stolafcarleton.teamdynamix.com/TDClient/2092/Carleton/KB/Search?SearchText=%2523theme
cpanel,https://stolafcarleton.teamdynamix.com/TDClient/2092/Carleton/KB/Search?SearchText=%2523cpanel
eduroam,https://stolafcarleton.teamdynamix.com/TDClient/2092/Carleton/KB/Search?SearchText=%2523eduroam
install,https://stolafcarleton.teamdynamix.com/TDClient/2092/Carleton/KB/Search?SearchText=%2523install
PDF,https://stolafcarleton.teamdynamix.com/TDClient/2092/Carleton/KB/Search?SearchText=%2523PDF
quiz,https://stolafcarleton.teamdynamix.com/TDClient/2092/Carleton/KB/Search?SearchText=%2523quiz
2021-2022,https://stolafcarleton.teamdynamix.com/TDClient/2092/Carleton/KB/Search?SearchText=%25232021-2022
Alumni,https://stolafcarleton.teamdynamix.com/TDClient/2092/Carleton/KB/Search?SearchText=%2523Alumni
backup,https://stolafcarleton.teamdynamix.com/TDClient/2092/Carleton/KB/Search?SearchText=%2523backup
blocks,https://stolafcarleton.teamdynamix.com/TDClient/2092/Carleton/KB/Search?SearchText=%2523blocks
download,https://stolafcarleton.teamdynamix.com/TDClient/2092/Carleton/KB/Search?SearchText=%2523download
duo,https://stolafcarleton.teamdynamix.com/TDClient/2092/Carleton/KB/Search?SearchText=%2523duo
grades,https://stolafcarleton.teamdynamix.com/TDClient/2092/Carleton/KB/Search?SearchText=%2523grades
LanguageLesson,https://stolafcarleton.teamdynamix.com/TDClient/2092/Carleton/KB/Search?SearchText=%2523LanguageLesson
mac,https://stolafcarleton.teamdynamix.com/TDClient/2092/Carleton/KB/Search?SearchText=%2523mac
mathematica,https://stolafcarleton.teamdynamix.com/TDClient/2092/Carleton/KB/Search?SearchText=%2523mathematica
matlab,https://stolafcarleton.teamdynamix.com/TDClient/2092/Carleton/KB/Search?SearchText=%2523matlab
Phone,https://stolafcarleton.teamdynamix.com/TDClient/2092/Carleton/KB/Search?SearchText=%2523Phone
xerox,https://stolafcarleton.teamdynamix.com/TDClient/2092/Carleton/KB/Search?SearchText=%2523xerox
zoom,https://stolafcarleton.teamdynamix.com/TDClient/2092/Carleton/KB/Search?SearchText=%2523zoom
access,https://stolafcarleton.teamdynamix.com/TDClient/2092/Carleton/KB/Search?SearchText=%2523access
account,https://stolafcarleton.teamdynamix.com/TDClient/2092/Carleton/KB/Search?SearchText=%2523account
Acrobat,https://stolafcarleton.teamdynamix.com/TDClient/2092/Carleton/KB/Search?SearchText=%2523Acrobat
Alternate-Text,https://stolafcarleton.teamdynamix.com/TDClient/2092/Carleton/KB/Search?SearchText=%2523Alternate-Text
Alumni-password-change,https://stolafcarleton.teamdynamix.com/TDClient/2092/Carleton/KB/Search?SearchText=%2523Alumni-password-change
canon,https://stolafcarleton.teamdynamix.com/TDClient/2092/Carleton/KB/Search?SearchText=%2523canon
classrooms,https://stolafcarleton.teamdynamix.com/TDClient/2092/Carleton/KB/Search?SearchText=%2523classrooms
code42,https://stolafcarleton.teamdynamix.com/TDClient/2092/Carleton/KB/Search?SearchText=%2523code42
crashplan,https://stolafcarleton.teamdynamix.com/TDClient/2092/Carleton/KB/Search?SearchText=%2523crashplan
ECC,https://stolafcarleton.teamdynamix.com/TDClient/2092/Carleton/KB/Search?SearchText=%2523ECC
enrollment,https://stolafcarleton.teamdynamix.com/TDClient/2092/Carleton/KB/Search?SearchText=%2523enrollment
fax,https://stolafcarleton.teamdynamix.com/TDClient/2092/Carleton/KB/Search?SearchText=%2523fax
freepbx,https://stolafcarleton.teamdynamix.com/TDClient/2092/Carleton/KB/Search?SearchText=%2523freepbx
groups,https://stolafcarleton.teamdynamix.com/TDClient/2092/Carleton/KB/Search?SearchText=%2523groups
guest,https://stolafcarleton.teamdynamix.com/TDClient/2092/Carleton/KB/Search?SearchText=%2523guest
https,https://stolafcarleton.teamdynamix.com/TDClient/2092/Carleton/KB/Search?SearchText=%2523https
import,https://stolafcarleton.teamdynamix.com/TDClient/2092/Carleton/KB/Search?SearchText=%2523import
ipad,https://stolafcarleton.teamdynamix.com/TDClient/2092/Carleton/KB/Search?SearchText=%2523ipad
Jamf,https://stolafcarleton.teamdynamix.com/TDClient/2092/Carleton/KB/Search?SearchText=%2523Jamf
jupiter,https://stolafcarleton.teamdynamix.com/TDClient/2092/Carleton/KB/Search?SearchText=%2523jupiter
k1000,https://stolafcarleton.teamdynamix.com/TDClient/2092/Carleton/KB/Search?SearchText=%2523k1000
login,https://stolafcarleton.teamdynamix.com/TDClient/2092/Carleton/KB/Search?SearchText=%2523login
microphone,https://stolafcarleton.teamdynamix.com/TDClient/2092/Carleton/KB/Search?SearchText=%2523microphone
OCR,https://stolafcarleton.teamdynamix.com/TDClient/2092/Carleton/KB/Search?SearchText=%2523OCR
omeka,https://stolafcarleton.teamdynamix.com/TDClient/2092/Carleton/KB/Search?SearchText=%2523omeka
paper-lantern,https://stolafcarleton.teamdynamix.com/TDClient/2092/Carleton/KB/Search?SearchText=%2523paper-lantern
password,https://stolafcarleton.teamdynamix.com/TDClient/2092/Carleton/KB/Search?SearchText=%2523password
permissions,https://stolafcarleton.teamdynamix.com/TDClient/2092/Carleton/KB/Search?SearchText=%2523permissions
printing,https://stolafcarleton.teamdynamix.com/TDClient/2092/Carleton/KB/Search?SearchText=%2523printing
Reader,https://stolafcarleton.teamdynamix.com/TDClient/2092/Carleton/KB/Search?SearchText=%2523Reader
restrict,https://stolafcarleton.teamdynamix.com/TDClient/2092/Carleton/KB/Search?SearchText=%2523restrict
roles,https://stolafcarleton.teamdynamix.com/TDClient/2092/Carleton/KB/Search?SearchText=%2523roles
settings,https://stolafcarleton.teamdynamix.com/TDClient/2092/Carleton/KB/Search?SearchText=%2523settings
site,https://stolafcarleton.teamdynamix.com/TDClient/2092/Carleton/KB/Search?SearchText=%2523site
softphone,https://stolafcarleton.teamdynamix.com/TDClient/2092/Carleton/KB/Search?SearchText=%2523softphone
ssl,https://stolafcarleton.teamdynamix.com/TDClient/2092/Carleton/KB/Search?SearchText=%2523ssl
sspr,https://stolafcarleton.teamdynamix.com/TDClient/2092/Carleton/KB/Search?SearchText=%2523sspr
video,https://stolafcarleton.teamdynamix.com/TDClient/2092/Carleton/KB/Search?SearchText=%2523video
webcam,https://stolafcarleton.teamdynamix.com/TDClient/2092/Carleton/KB/Search?SearchText=%2523webcam
wordpress,https://stolafcarleton.teamdynamix.com/TDClient/2092/Carleton/KB/Search?SearchText=%2523wordpress
